url,coverage_state,bucket,target,fix
https://www.themodernwallet.com/,Submitted and indexed,healthy,,No action — indexed
https://www.themodernwallet.com/529-savings-calculator/,Submitted and indexed,healthy,,No action — indexed
https://www.themodernwallet.com/about/,Submitted and indexed,healthy,,No action — indexed
https://www.themodernwallet.com/auto-loan/,Submitted and indexed,healthy,,No action — indexed
https://www.themodernwallet.com/auto-loan/amortization-schedule/,Submitted and indexed,healthy,,No action — indexed
https://www.themodernwallet.com/auto-loan/car-affordability-calculator/,Submitted and indexed,healthy,,No action — indexed
https://www.themodernwallet.com/auto-loan/early-payoff-calculator/,Submitted and indexed,healthy,,No action — indexed
https://www.themodernwallet.com/auto-loan/extra-payment-calculator/,Submitted and indexed,healthy,,No action — indexed
https://www.themodernwallet.com/auto-loan/interest-calculator/,Submitted and indexed,healthy,,No action — indexed
https://www.themodernwallet.com/auto-loan/payoff-calculator/,Submitted and indexed,healthy,,No action — indexed
https://www.themodernwallet.com/auto-loan/refinance-calculator/,URL is unknown to Google,add internal links,src/pages/[category]/index.astro (instantiated for auto-loan; already lists this spoke); no code change,Already linked from /auto-loan/ hub — re-submit only; no internal-linking or code change needed.
https://www.themodernwallet.com/budget/,Submitted and indexed,healthy,,No action — indexed
https://www.themodernwallet.com/budget/50-30-20-budget-calculator/,Submitted and indexed,healthy,,No action — indexed
https://www.themodernwallet.com/budget/household-budget-calculator/,Submitted and indexed,healthy,,No action — indexed
https://www.themodernwallet.com/budget/monthly-budget-calculator/,Submitted and indexed,healthy,,No action — indexed
https://www.themodernwallet.com/budget/student-budget-calculator/,URL is unknown to Google,add internal links,src/pages/[category]/index.astro (instantiated for budget; already lists this spoke); no code change,Already linked from /budget/ hub — re-submit only; no internal-linking or code change needed.
https://www.themodernwallet.com/budget/zero-based-budget-calculator/,Submitted and indexed,healthy,,No action — indexed
https://www.themodernwallet.com/business-line-of-credit/,Submitted and indexed,healthy,,No action — indexed
https://www.themodernwallet.com/business-loan-payoff/,Submitted and indexed,healthy,,No action — indexed
https://www.themodernwallet.com/calculators/,Submitted and indexed,healthy,,No action — indexed
https://www.themodernwallet.com/cash-conversion-cycle/,URL is unknown to Google,already-fixed — awaiting recrawl,src/data/calculators.ts (cash-conversion-cycle); link added in src/data/bf-loc-hub.ts,"No action — fix already shipped; recorded so it isn't redone; awaiting Google recrawl (NO lastmod bump, NO re-submit — the page didn't change this run)."
https://www.themodernwallet.com/coast-fire/,Submitted and indexed,healthy,,No action — indexed
https://www.themodernwallet.com/compare/,URL is unknown to Google,add internal links,src/components/SiteFooter.astro (already links this hub); no code change,"Already linked sitewide (footer, every page) — re-submit only; no internal-linking or code change needed."
https://www.themodernwallet.com/compare/1031-exchange-vs-opportunity-zone/,URL is unknown to Google,add internal links,src/pages/compare/index.astro (already lists this slug); no code change,Already linked from /compare/ — re-submit only (URL Inspection / Phase 7); no internal-linking or code change needed.
https://www.themodernwallet.com/compare/1099-vs-w2/,URL is unknown to Google,add internal links,src/pages/compare/index.astro (already lists this slug); no code change,Already linked from /compare/ — re-submit only (URL Inspection / Phase 7); no internal-linking or code change needed.
https://www.themodernwallet.com/compare/15-year-vs-20-year-vs-30-year-mortgage/,URL is unknown to Google,add internal links,src/pages/compare/index.astro (already lists this slug); no code change,Already linked from /compare/ — re-submit only (URL Inspection / Phase 7); no internal-linking or code change needed.
https://www.themodernwallet.com/compare/15-year-vs-30-year-mortgage/,Submitted and indexed,healthy,,No action — indexed
https://www.themodernwallet.com/compare/401k-vs-brokerage-account/,Submitted and indexed,healthy,,No action — indexed
https://www.themodernwallet.com/compare/401k-vs-ira-beneficiary-rules/,URL is unknown to Google,add internal links,src/pages/compare/index.astro (already lists this slug); no code change,Already linked from /compare/ — re-submit only (URL Inspection / Phase 7); no internal-linking or code change needed.
https://www.themodernwallet.com/compare/401k-vs-roth-ira/,Submitted and indexed,healthy,,No action — indexed
https://www.themodernwallet.com/compare/403b-vs-401k/,URL is unknown to Google,add internal links,src/pages/compare/index.astro (already lists this slug); no code change,Already linked from /compare/ — re-submit only (URL Inspection / Phase 7); no internal-linking or code change needed.
https://www.themodernwallet.com/compare/457b-vs-401k/,URL is unknown to Google,add internal links,src/pages/compare/index.astro (already lists this slug); no code change,Already linked from /compare/ — re-submit only (URL Inspection / Phase 7); no internal-linking or code change needed.
https://www.themodernwallet.com/compare/457b-vs-403b/,URL is unknown to Google,add internal links,src/pages/compare/index.astro (already lists this slug); no code change,Already linked from /compare/ — re-submit only (URL Inspection / Phase 7); no internal-linking or code change needed.
https://www.themodernwallet.com/compare/457b-vs-roth-ira/,URL is unknown to Google,add internal links,src/pages/compare/index.astro (already lists this slug); no code change,Already linked from /compare/ — re-submit only (URL Inspection / Phase 7); no internal-linking or code change needed.
https://www.themodernwallet.com/compare/529-vs-brokerage-account/,Submitted and indexed,healthy,,No action — indexed
https://www.themodernwallet.com/compare/529-vs-coverdell-esa/,Submitted and indexed,healthy,,No action — indexed
https://www.themodernwallet.com/compare/529-vs-roth-ira/,Submitted and indexed,healthy,,No action — indexed
https://www.themodernwallet.com/compare/529-vs-utma/,Submitted and indexed,healthy,,No action — indexed
https://www.themodernwallet.com/compare/70-30-vs-60-40-portfolio/,URL is unknown to Google,add internal links,src/pages/compare/index.astro (already lists this slug); no code change,Already linked from /compare/ — re-submit only (URL Inspection / Phase 7); no internal-linking or code change needed.
https://www.themodernwallet.com/compare/70-30-vs-80-20-portfolio/,URL is unknown to Google,add internal links,src/pages/compare/index.astro (already lists this slug); no code change,Already linked from /compare/ — re-submit only (URL Inspection / Phase 7); no internal-linking or code change needed.
https://www.themodernwallet.com/compare/80-20-vs-90-10-portfolio/,URL is unknown to Google,add internal links,src/pages/compare/index.astro (already lists this slug); no code change,Already linked from /compare/ — re-submit only (URL Inspection / Phase 7); no internal-linking or code change needed.
https://www.themodernwallet.com/compare/annuity-vs-cd/,URL is unknown to Google,add internal links,src/pages/compare/index.astro (already lists this slug); no code change,Already linked from /compare/ — re-submit only (URL Inspection / Phase 7); no internal-linking or code change needed.
https://www.themodernwallet.com/compare/assumable-mortgage-vs-refinance/,URL is unknown to Google,add internal links,src/pages/compare/index.astro (already lists this slug); no code change,Already linked from /compare/ — re-submit only (URL Inspection / Phase 7); no internal-linking or code change needed.
https://www.themodernwallet.com/compare/betterment-vs-wealthfront/,URL is unknown to Google,already-fixed — awaiting recrawl,src/data/comparisons.ts (betterment-vs-wealthfront); link added in src/data/roundups.ts (best-robo-advisors),"No action — fix already shipped; recorded so it isn't redone; awaiting Google recrawl (NO lastmod bump, NO re-submit — the page didn't change this run)."
https://www.themodernwallet.com/compare/bilt-rewards-vs-chase-ultimate-rewards/,Submitted and indexed,healthy,,No action — indexed
https://www.themodernwallet.com/compare/bridge-loan-vs-heloc/,URL is unknown to Google,add internal links,src/pages/compare/index.astro (already lists this slug); no code change,Already linked from /compare/ — re-submit only (URL Inspection / Phase 7); no internal-linking or code change needed.
https://www.themodernwallet.com/compare/brokerage-vs-ira/,Submitted and indexed,healthy,,No action — indexed
https://www.themodernwallet.com/compare/business-line-of-credit-vs-sba-loan/,URL is unknown to Google,add internal links,src/pages/compare/index.astro (already lists this slug); no code change,Already linked from /compare/ — re-submit only (URL Inspection / Phase 7); no internal-linking or code change needed.
https://www.themodernwallet.com/compare/buying-vs-leasing-a-car/,URL is unknown to Google,add internal links,src/pages/compare/index.astro (already lists this slug); no code change,Already linked from /compare/ — re-submit only (URL Inspection / Phase 7); no internal-linking or code change needed.
https://www.themodernwallet.com/compare/cash-out-refinance-vs-heloc/,URL is unknown to Google,add internal links,src/pages/compare/index.astro (already lists this slug); no code change,Already linked from /compare/ — re-submit only (URL Inspection / Phase 7); no internal-linking or code change needed.
https://www.themodernwallet.com/compare/cd-vs-money-market/,URL is unknown to Google,add internal links,src/pages/compare/index.astro (already lists this slug); no code change,Already linked from /compare/ — re-submit only (URL Inspection / Phase 7); no internal-linking or code change needed.
https://www.themodernwallet.com/compare/cd-vs-treasury-bill/,URL is unknown to Google,already-fixed — awaiting recrawl,src/data/comparisons.ts (cd-vs-treasury-bill),"No action — fix already shipped; recorded so it isn't redone; awaiting Google recrawl (NO lastmod bump, NO re-submit — the page didn't change this run)."
https://www.themodernwallet.com/compare/chapter-7-vs-chapter-13-bankruptcy/,URL is unknown to Google,add internal links,src/pages/compare/index.astro (already lists this slug); no code change,Already linked from /compare/ — re-submit only (URL Inspection / Phase 7); no internal-linking or code change needed.
https://www.themodernwallet.com/compare/charles-schwab-vs-robinhood/,URL is unknown to Google,add internal links,src/pages/compare/index.astro (already lists this slug); no code change,Already linked from /compare/ — re-submit only (URL Inspection / Phase 7); no internal-linking or code change needed.
https://www.themodernwallet.com/compare/citi-diamond-preferred-vs-citi-simplicity/,URL is unknown to Google,add internal links,src/pages/compare/index.astro (already lists this slug); no code change,Already linked from /compare/ — re-submit only (URL Inspection / Phase 7); no internal-linking or code change needed.
https://www.themodernwallet.com/compare/coast-fire-vs-barista-fire/,Submitted and indexed,healthy,,No action — indexed
https://www.themodernwallet.com/compare/construction-loan-vs-traditional-mortgage/,URL is unknown to Google,add internal links,src/pages/compare/index.astro (already lists this slug); no code change,Already linked from /compare/ — re-submit only (URL Inspection / Phase 7); no internal-linking or code change needed.
https://www.themodernwallet.com/compare/css-profile-vs-fafsa/,URL is unknown to Google,add internal links,src/pages/compare/index.astro (already lists this slug); no code change,Already linked from /compare/ — re-submit only (URL Inspection / Phase 7); no internal-linking or code change needed.
https://www.themodernwallet.com/compare/custodial-account-vs-savings-account/,Submitted and indexed,healthy,,No action — indexed
https://www.themodernwallet.com/compare/custodial-roth-ira-vs-529/,Submitted and indexed,healthy,,No action — indexed
https://www.themodernwallet.com/compare/custodial-roth-ira-vs-brokerage-account/,Submitted and indexed,healthy,,No action — indexed
https://www.themodernwallet.com/compare/custodial-roth-ira-vs-traditional-ira/,Submitted and indexed,healthy,,No action — indexed
https://www.themodernwallet.com/compare/custodial-roth-ira-vs-trump-account/,URL is unknown to Google,add internal links,src/pages/compare/index.astro (already lists this slug); no code change,Already linked from /compare/ — re-submit only (URL Inspection / Phase 7); no internal-linking or code change needed.
https://www.themodernwallet.com/compare/custodial-roth-ira-vs-utma/,Submitted and indexed,healthy,,No action — indexed
https://www.themodernwallet.com/compare/debt-snowball-vs-avalanche/,Submitted and indexed,healthy,,No action — indexed
https://www.themodernwallet.com/compare/dgro-vs-vig/,URL is unknown to Google,already-fixed — awaiting recrawl,src/data/comparisons.ts (dgro-vs-vig); link added in src/data/roundups.ts (best-dividend-etfs),"No action — fix already shipped; recorded so it isn't redone; awaiting Google recrawl (NO lastmod bump, NO re-submit — the page didn't change this run)."
https://www.themodernwallet.com/compare/donor-advised-fund-vs-private-foundation/,URL is unknown to Google,add internal links,src/pages/compare/index.astro (already lists this slug); no code change,Already linked from /compare/ — re-submit only (URL Inspection / Phase 7); no internal-linking or code change needed.
https://www.themodernwallet.com/compare/dscr-loan-vs-conventional-loan/,URL is unknown to Google,add internal links,src/pages/compare/index.astro (already lists this slug); no code change,Already linked from /compare/ — re-submit only (URL Inspection / Phase 7); no internal-linking or code change needed.
https://www.themodernwallet.com/compare/elder-law-attorney-vs-estate-planning-attorney/,URL is unknown to Google,add internal links,src/pages/compare/index.astro (already lists this slug); no code change,Already linked from /compare/ — re-submit only (URL Inspection / Phase 7); no internal-linking or code change needed.
https://www.themodernwallet.com/compare/etf-vs-mutual-fund/,Submitted and indexed,healthy,,No action — indexed
https://www.themodernwallet.com/compare/etrade-vs-fidelity/,URL is unknown to Google,add internal links,src/pages/compare/index.astro (already lists this slug); no code change,Already linked from /compare/ — re-submit only (URL Inspection / Phase 7); no internal-linking or code change needed.
https://www.themodernwallet.com/compare/factor-rate-vs-interest-rate/,URL is unknown to Google,add internal links,src/pages/compare/index.astro (already lists this slug); no code change,Already linked from /compare/ — re-submit only (URL Inspection / Phase 7); no internal-linking or code change needed.
https://www.themodernwallet.com/compare/fha-loan-vs-va-loan/,URL is unknown to Google,add internal links,src/pages/compare/index.astro (already lists this slug); no code change,Already linked from /compare/ — re-submit only (URL Inspection / Phase 7); no internal-linking or code change needed.
https://www.themodernwallet.com/compare/fha-vs-conventional-loan/,URL is unknown to Google,add internal links,src/pages/compare/index.astro (already lists this slug); no code change,Already linked from /compare/ — re-submit only (URL Inspection / Phase 7); no internal-linking or code change needed.
https://www.themodernwallet.com/compare/fidelity-vs-schwab/,URL is unknown to Google,add internal links,src/pages/compare/index.astro (already lists this slug); no code change,Already linked from /compare/ — re-submit only (URL Inspection / Phase 7); no internal-linking or code change needed.
https://www.themodernwallet.com/compare/final-expense-insurance-vs-whole-life-insurance/,URL is unknown to Google,add internal links,src/pages/compare/index.astro (already lists this slug); no code change,Already linked from /compare/ — re-submit only (URL Inspection / Phase 7); no internal-linking or code change needed.
https://www.themodernwallet.com/compare/financial-advisor-vs-cpa/,URL is unknown to Google,add internal links,src/pages/compare/index.astro (already lists this slug); no code change,Already linked from /compare/ — re-submit only (URL Inspection / Phase 7); no internal-linking or code change needed.
https://www.themodernwallet.com/compare/financial-advisor-vs-financial-planner/,URL is unknown to Google,add internal links,src/pages/compare/index.astro (already lists this slug); no code change,Already linked from /compare/ — re-submit only (URL Inspection / Phase 7); no internal-linking or code change needed.
https://www.themodernwallet.com/compare/financial-advisor-vs-wealth-manager/,URL is unknown to Google,add internal links,src/pages/compare/index.astro (already lists this slug); no code change,Already linked from /compare/ — re-submit only (URL Inspection / Phase 7); no internal-linking or code change needed.
https://www.themodernwallet.com/compare/fixed-vs-arm-mortgage/,Submitted and indexed,healthy,,No action — indexed
https://www.themodernwallet.com/compare/freetaxusa-vs-turbotax/,URL is unknown to Google,add internal links,src/pages/compare/index.astro (already lists this slug); no code change,Already linked from /compare/ — re-submit only (URL Inspection / Phase 7); no internal-linking or code change needed.
https://www.themodernwallet.com/compare/guardianship-vs-conservatorship/,URL is unknown to Google,add internal links,src/pages/compare/index.astro (already lists this slug); no code change,Already linked from /compare/ — re-submit only (URL Inspection / Phase 7); no internal-linking or code change needed.
https://www.themodernwallet.com/compare/gusto-401k-vs-paychex-401k/,URL is unknown to Google,add internal links,src/pages/compare/index.astro (already lists this slug); no code change,Already linked from /compare/ — re-submit only (URL Inspection / Phase 7); no internal-linking or code change needed.
https://www.themodernwallet.com/compare/heloc-vs-home-equity-loan/,URL is unknown to Google,add internal links,src/pages/compare/index.astro (already lists this slug); no code change,Already linked from /compare/ — re-submit only (URL Inspection / Phase 7); no internal-linking or code change needed.
https://www.themodernwallet.com/compare/heloc-vs-personal-loan/,URL is unknown to Google,add internal links,src/pages/compare/index.astro (already lists this slug); no code change,Already linked from /compare/ — re-submit only (URL Inspection / Phase 7); no internal-linking or code change needed.
https://www.themodernwallet.com/compare/hsa-vs-fsa/,Submitted and indexed,healthy,,No action — indexed
https://www.themodernwallet.com/compare/hsa-vs-roth-ira/,URL is unknown to Google,already-fixed — awaiting recrawl,src/data/comparisons.ts (hsa-vs-roth-ira),"No action — fix already shipped; recorded so it isn't redone; awaiting Google recrawl (NO lastmod bump, NO re-submit — the page didn't change this run)."
https://www.themodernwallet.com/compare/hysa-vs-cd/,Submitted and indexed,healthy,,No action — indexed
https://www.themodernwallet.com/compare/hysa-vs-money-market/,Submitted and indexed,healthy,,No action — indexed
https://www.themodernwallet.com/compare/i-bonds-vs-ee-bonds/,URL is unknown to Google,add internal links,src/pages/compare/index.astro (already lists this slug); no code change,Already linked from /compare/ — re-submit only (URL Inspection / Phase 7); no internal-linking or code change needed.
https://www.themodernwallet.com/compare/i-bonds-vs-tips/,URL is unknown to Google,add internal links,src/pages/compare/index.astro (already lists this slug); no code change,Already linked from /compare/ — re-submit only (URL Inspection / Phase 7); no internal-linking or code change needed.
https://www.themodernwallet.com/compare/index-fund-vs-etf/,URL is unknown to Google,add internal links,src/pages/compare/index.astro (already lists this slug); no code change,Already linked from /compare/ — re-submit only (URL Inspection / Phase 7); no internal-linking or code change needed.
https://www.themodernwallet.com/compare/index-fund-vs-mutual-fund/,URL is unknown to Google,add internal links,src/pages/compare/index.astro (already lists this slug); no code change,Already linked from /compare/ — re-submit only (URL Inspection / Phase 7); no internal-linking or code change needed.
https://www.themodernwallet.com/compare/invoice-factoring-vs-business-line-of-credit/,Submitted and indexed,healthy,,No action — indexed
https://www.themodernwallet.com/compare/invoice-factoring-vs-invoice-discounting/,URL is unknown to Google,add internal links,src/pages/compare/index.astro (already lists this slug); no code change,Already linked from /compare/ — re-submit only (URL Inspection / Phase 7); no internal-linking or code change needed.
https://www.themodernwallet.com/compare/invoice-factoring-vs-merchant-cash-advance/,Submitted and indexed,healthy,,No action — indexed
https://www.themodernwallet.com/compare/irrevocable-trust-vs-llc/,URL is unknown to Google,add internal links,src/pages/compare/index.astro (already lists this slug); no code change,Already linked from /compare/ — re-submit only (URL Inspection / Phase 7); no internal-linking or code change needed.
https://www.themodernwallet.com/compare/iul-vs-401k/,URL is unknown to Google,add internal links,src/pages/compare/index.astro (already lists this slug); no code change,Already linked from /compare/ — re-submit only (URL Inspection / Phase 7); no internal-linking or code change needed.
https://www.themodernwallet.com/compare/iul-vs-roth-ira/,URL is unknown to Google,add internal links,src/pages/compare/index.astro (already lists this slug); no code change,Already linked from /compare/ — re-submit only (URL Inspection / Phase 7); no internal-linking or code change needed.
https://www.themodernwallet.com/compare/iul-vs-vul/,URL is unknown to Google,add internal links,src/pages/compare/index.astro (already lists this slug); no code change,Already linked from /compare/ — re-submit only (URL Inspection / Phase 7); no internal-linking or code change needed.
https://www.themodernwallet.com/compare/living-trust-vs-lady-bird-deed/,URL is unknown to Google,add internal links,src/pages/compare/index.astro (already lists this slug); no code change,Already linked from /compare/ — re-submit only (URL Inspection / Phase 7); no internal-linking or code change needed.
https://www.themodernwallet.com/compare/living-trust-vs-will/,Submitted and indexed,healthy,,No action — indexed
https://www.themodernwallet.com/compare/llc-vs-s-corp/,URL is unknown to Google,add internal links,src/pages/compare/index.astro (already lists this slug); no code change,Already linked from /compare/ — re-submit only (URL Inspection / Phase 7); no internal-linking or code change needed.
https://www.themodernwallet.com/compare/medical-retirement-vs-disability-severance-pay/,URL is unknown to Google,add internal links,src/pages/compare/index.astro (already lists this slug); no code change,Already linked from /compare/ — re-submit only (URL Inspection / Phase 7); no internal-linking or code change needed.
https://www.themodernwallet.com/compare/medicare-advantage-vs-medigap/,URL is unknown to Google,add internal links,src/pages/compare/index.astro (already lists this slug); no code change,Already linked from /compare/ — re-submit only (URL Inspection / Phase 7); no internal-linking or code change needed.
https://www.themodernwallet.com/compare/merchant-cash-advance-vs-loan/,Submitted and indexed,healthy,,No action — indexed
https://www.themodernwallet.com/compare/merchant-cash-advance-vs-revenue-based-financing/,Crawled - currently not indexed,improve thin content,"src/data/comparisons-business.ts (slug: merchant-cash-advance-vs-revenue-based-financing, line 522); add links via src/pages/[category]/index.astro (merchant-cash-advance, business-line-of-credit) and src/data/roundups-business.ts (best-merchant-cash-advance-companies)","Add 2-3 contextual internal links from higher-authority pages — the /merchant-cash-advance/ and /business-line-of-credit/ calculator hubs (src/pages/[category]/index.astro), and the /roundup/best-merchant-cash-advance-companies/ roundup — pointing to this comparison, to strengthen its link-equity signal. Content itself does not need lengthening."
https://www.themodernwallet.com/compare/military-retirement-vs-medical-retirement/,Submitted and indexed,healthy,,No action — indexed
https://www.themodernwallet.com/compare/military-retirement-vs-va-disability/,Submitted and indexed,healthy,,No action — indexed
https://www.themodernwallet.com/compare/online-will-vs-lawyer/,Submitted and indexed,healthy,,No action — indexed
https://www.themodernwallet.com/compare/ordinary-income-vs-capital-gains-tax/,URL is unknown to Google,add internal links,src/pages/compare/index.astro (already lists this slug); no code change,Already linked from /compare/ — re-submit only (URL Inspection / Phase 7); no internal-linking or code change needed.
https://www.themodernwallet.com/compare/pension-vs-401k/,URL is unknown to Google,add internal links,src/pages/compare/index.astro (already lists this slug); no code change,Already linked from /compare/ — re-submit only (URL Inspection / Phase 7); no internal-linking or code change needed.
https://www.themodernwallet.com/compare/pension-vs-annuity/,URL is unknown to Google,add internal links,src/pages/compare/index.astro (already lists this slug); no code change,Already linked from /compare/ — re-submit only (URL Inspection / Phase 7); no internal-linking or code change needed.
https://www.themodernwallet.com/compare/personal-loan-vs-auto-loan/,URL is unknown to Google,add internal links,src/pages/compare/index.astro (already lists this slug); no code change,Already linked from /compare/ — re-submit only (URL Inspection / Phase 7); no internal-linking or code change needed.
https://www.themodernwallet.com/compare/power-of-attorney-vs-guardianship/,URL is unknown to Google,add internal links,src/pages/compare/index.astro (already lists this slug); no code change,Already linked from /compare/ — re-submit only (URL Inspection / Phase 7); no internal-linking or code change needed.
https://www.themodernwallet.com/compare/prenup-vs-postnup/,Submitted and indexed,healthy,,No action — indexed
https://www.themodernwallet.com/compare/probate-vs-trust/,Submitted and indexed,healthy,,No action — indexed
https://www.themodernwallet.com/compare/realized-vs-unrealized-gains/,URL is unknown to Google,add internal links,src/pages/compare/index.astro (already lists this slug); no code change,Already linked from /compare/ — re-submit only (URL Inspection / Phase 7); no internal-linking or code change needed.
https://www.themodernwallet.com/compare/reit-vs-rental-property/,URL is unknown to Google,add internal links,src/pages/compare/index.astro (already lists this slug); no code change,Already linked from /compare/ — re-submit only (URL Inspection / Phase 7); no internal-linking or code change needed.
https://www.themodernwallet.com/compare/renting-vs-buying/,Submitted and indexed,healthy,,No action — indexed
https://www.themodernwallet.com/compare/revocable-vs-irrevocable-trust/,Submitted and indexed,healthy,,No action — indexed
https://www.themodernwallet.com/compare/rmd-vs-qcd/,URL is unknown to Google,add internal links,src/pages/compare/index.astro (already lists this slug); no code change,Already linked from /compare/ — re-submit only (URL Inspection / Phase 7); no internal-linking or code change needed.
https://www.themodernwallet.com/compare/rollover-ira-vs-roth-ira/,URL is unknown to Google,add internal links,src/pages/compare/index.astro (already lists this slug); no code change,Already linked from /compare/ — re-submit only (URL Inspection / Phase 7); no internal-linking or code change needed.
https://www.themodernwallet.com/compare/rollover-ira-vs-traditional-ira/,URL is unknown to Google,add internal links,src/pages/compare/index.astro (already lists this slug); no code change,Already linked from /compare/ — re-submit only (URL Inspection / Phase 7); no internal-linking or code change needed.
https://www.themodernwallet.com/compare/roth-401k-vs-traditional-401k/,Submitted and indexed,healthy,,No action — indexed
https://www.themodernwallet.com/compare/roth-ira-vs-roth-401k/,Submitted and indexed,healthy,,No action — indexed
https://www.themodernwallet.com/compare/roth-ira-vs-traditional-ira/,URL is unknown to Google,add internal links,src/pages/compare/index.astro (already lists this slug); no code change,Already linked from /compare/ — re-submit only (URL Inspection / Phase 7); no internal-linking or code change needed.
https://www.themodernwallet.com/compare/sales-tax-vs-use-tax/,URL is unknown to Google,add internal links,src/pages/compare/index.astro (already lists this slug); no code change,Already linked from /compare/ — re-submit only (URL Inspection / Phase 7); no internal-linking or code change needed.
https://www.themodernwallet.com/compare/schd-vs-vym/,URL is unknown to Google,already-fixed — awaiting recrawl,src/data/comparisons.ts (schd-vs-vym); link added in src/data/roundups.ts (best-dividend-etfs),"No action — fix already shipped; recorded so it isn't redone; awaiting Google recrawl (NO lastmod bump, NO re-submit — the page didn't change this run)."
https://www.themodernwallet.com/compare/secured-vs-unsecured-loan/,URL is unknown to Google,add internal links,src/pages/compare/index.astro (already lists this slug); no code change,Already linked from /compare/ — re-submit only (URL Inspection / Phase 7); no internal-linking or code change needed.
https://www.themodernwallet.com/compare/sep-ira-vs-solo-401k/,URL is unknown to Google,add internal links,src/pages/compare/index.astro (already lists this slug); no code change,Already linked from /compare/ — re-submit only (URL Inspection / Phase 7); no internal-linking or code change needed.
https://www.themodernwallet.com/compare/simple-ira-vs-401k/,URL is unknown to Google,add internal links,src/pages/compare/index.astro (already lists this slug); no code change,Already linked from /compare/ — re-submit only (URL Inspection / Phase 7); no internal-linking or code change needed.
https://www.themodernwallet.com/compare/sofi-invest-vs-robinhood/,URL is unknown to Google,add internal links,src/pages/compare/index.astro (already lists this slug); no code change,Already linked from /compare/ — re-submit only (URL Inspection / Phase 7); no internal-linking or code change needed.
https://www.themodernwallet.com/compare/sole-proprietorship-vs-llc/,URL is unknown to Google,add internal links,src/pages/compare/index.astro (already lists this slug); no code change,Already linked from /compare/ — re-submit only (URL Inspection / Phase 7); no internal-linking or code change needed.
https://www.themodernwallet.com/compare/solo-401k-vs-simple-ira/,URL is unknown to Google,add internal links,src/pages/compare/index.astro (already lists this slug); no code change,Already linked from /compare/ — re-submit only (URL Inspection / Phase 7); no internal-linking or code change needed.
https://www.themodernwallet.com/compare/special-needs-trust-vs-able-account/,URL is unknown to Google,add internal links,src/pages/compare/index.astro (already lists this slug); no code change,Already linked from /compare/ — re-submit only (URL Inspection / Phase 7); no internal-linking or code change needed.
https://www.themodernwallet.com/compare/stocks-vs-bonds-vs-cash/,URL is unknown to Google,add internal links,src/pages/compare/index.astro (already lists this slug); no code change,Already linked from /compare/ — re-submit only (URL Inspection / Phase 7); no internal-linking or code change needed.
https://www.themodernwallet.com/compare/stocks-vs-bonds/,Submitted and indexed,healthy,,No action — indexed
https://www.themodernwallet.com/compare/target-date-fund-vs-sp500/,URL is unknown to Google,add internal links,src/pages/compare/index.astro (already lists this slug); no code change,Already linked from /compare/ — re-submit only (URL Inspection / Phase 7); no internal-linking or code change needed.
https://www.themodernwallet.com/compare/tax-attorney-vs-cpa-vs-enrolled-agent/,Submitted and indexed,healthy,,No action — indexed
https://www.themodernwallet.com/compare/term-life-vs-universal-life-insurance/,Submitted and indexed,healthy,,No action — indexed
https://www.themodernwallet.com/compare/traditional-ira-vs-401k/,URL is unknown to Google,add internal links,src/pages/compare/index.astro (already lists this slug); no code change,Already linked from /compare/ — re-submit only (URL Inspection / Phase 7); no internal-linking or code change needed.
https://www.themodernwallet.com/compare/traditional-ira-vs-simple-ira/,URL is unknown to Google,add internal links,src/pages/compare/index.astro (already lists this slug); no code change,Already linked from /compare/ — re-submit only (URL Inspection / Phase 7); no internal-linking or code change needed.
https://www.themodernwallet.com/compare/trump-account-vs-529-vs-utma/,Submitted and indexed,healthy,,No action — indexed
https://www.themodernwallet.com/compare/trump-account-vs-529/,Submitted and indexed,healthy,,No action — indexed
https://www.themodernwallet.com/compare/trump-account-vs-baby-bonds/,Submitted and indexed,healthy,,No action — indexed
https://www.themodernwallet.com/compare/trump-account-vs-brokerage-account/,Submitted and indexed,healthy,,No action — indexed
https://www.themodernwallet.com/compare/trump-account-vs-custodial-account/,Submitted and indexed,healthy,,No action — indexed
https://www.themodernwallet.com/compare/trump-account-vs-roth-ira/,Submitted and indexed,healthy,,No action — indexed
https://www.themodernwallet.com/compare/trump-account-vs-savings-account/,Submitted and indexed,healthy,,No action — indexed
https://www.themodernwallet.com/compare/tsp-vs-401k/,URL is unknown to Google,add internal links,src/pages/compare/index.astro (already lists this slug); no code change,Already linked from /compare/ — re-submit only (URL Inspection / Phase 7); no internal-linking or code change needed.
https://www.themodernwallet.com/compare/turbotax-vs-hr-block/,URL is unknown to Google,add internal links,src/pages/compare/index.astro (already lists this slug); no code change,Already linked from /compare/ — re-submit only (URL Inspection / Phase 7); no internal-linking or code change needed.
https://www.themodernwallet.com/compare/turbotax-vs-taxact/,URL is unknown to Google,add internal links,src/pages/compare/index.astro (already lists this slug); no code change,Already linked from /compare/ — re-submit only (URL Inspection / Phase 7); no internal-linking or code change needed.
https://www.themodernwallet.com/compare/usda-loan-vs-fha-loan/,URL is unknown to Google,add internal links,src/pages/compare/index.astro (already lists this slug); no code change,Already linked from /compare/ — re-submit only (URL Inspection / Phase 7); no internal-linking or code change needed.
https://www.themodernwallet.com/compare/utma-vs-ugma/,Submitted and indexed,healthy,,No action — indexed
https://www.themodernwallet.com/compare/va-loan-vs-conventional-loan/,Submitted and indexed,healthy,,No action — indexed
https://www.themodernwallet.com/compare/vanguard-vs-fidelity-vs-schwab/,URL is unknown to Google,add internal links,src/pages/compare/index.astro (already lists this slug); no code change,Already linked from /compare/ — re-submit only (URL Inspection / Phase 7); no internal-linking or code change needed.
https://www.themodernwallet.com/compare/vanguard-vs-fidelity/,URL is unknown to Google,add internal links,src/pages/compare/index.astro (already lists this slug); no code change,Already linked from /compare/ — re-submit only (URL Inspection / Phase 7); no internal-linking or code change needed.
https://www.themodernwallet.com/compare/vanguard-vs-schwab/,URL is unknown to Google,add internal links,src/pages/compare/index.astro (already lists this slug); no code change,Already linked from /compare/ — re-submit only (URL Inspection / Phase 7); no internal-linking or code change needed.
https://www.themodernwallet.com/compare/voo-vs-spy/,URL is unknown to Google,add internal links,src/pages/compare/index.astro (already lists this slug); no code change,Already linked from /compare/ — re-submit only (URL Inspection / Phase 7); no internal-linking or code change needed.
https://www.themodernwallet.com/compare/whole-life-vs-term-life-insurance/,URL is unknown to Google,add internal links,src/pages/compare/index.astro (already lists this slug); no code change,Already linked from /compare/ — re-submit only (URL Inspection / Phase 7); no internal-linking or code change needed.
https://www.themodernwallet.com/compare/whole-life-vs-universal-life-insurance/,Submitted and indexed,healthy,,No action — indexed
https://www.themodernwallet.com/contact/,URL is unknown to Google,add internal links,src/components/SiteFooter.astro (already links this page); no code change,"Already linked sitewide (footer, every page) — re-submit only; no internal-linking or code change needed."
https://www.themodernwallet.com/credit-card-payoff/,URL is unknown to Google,add internal links,src/pages/calculators/index.astro (already lists this calculator); no code change,Already linked from /calculators/ and sitewide footer — re-submit only; no internal-linking or code change needed.
https://www.themodernwallet.com/editorial-policy/,Submitted and indexed,healthy,,No action — indexed
https://www.themodernwallet.com/elder-care/,Submitted and indexed,healthy,,No action — indexed
https://www.themodernwallet.com/estate-planning/,Submitted and indexed,healthy,,No action — indexed
https://www.themodernwallet.com/freelance-rate/,URL is unknown to Google,add internal links,src/pages/calculators/index.astro (already lists this calculator); no code change,Already linked from /calculators/ and sitewide footer — re-submit only; no internal-linking or code change needed.
https://www.themodernwallet.com/freelance-rate/1099-vs-w2-calculator/,URL is unknown to Google,add internal links,src/pages/[category]/index.astro (instantiated for freelance-rate; already lists this spoke); no code change,Already linked from /freelance-rate/ hub — re-submit only; no internal-linking or code change needed.
https://www.themodernwallet.com/freelance-rate/billable-hours-calculator/,URL is unknown to Google,add internal links,src/pages/[category]/index.astro (instantiated for freelance-rate; already lists this spoke); no code change,Already linked from /freelance-rate/ hub — re-submit only; no internal-linking or code change needed.
https://www.themodernwallet.com/freelance-rate/day-rate-calculator/,URL is unknown to Google,add internal links,src/pages/[category]/index.astro (instantiated for freelance-rate; already lists this spoke); no code change,Already linked from /freelance-rate/ hub — re-submit only; no internal-linking or code change needed.
https://www.themodernwallet.com/guides/,Submitted and indexed,healthy,,No action — indexed
https://www.themodernwallet.com/guides/0-percent-apr-car-loan-explained/,URL is unknown to Google,add internal links,src/pages/guides/index.astro (already lists this slug); no code change,Already linked from /guides/ — re-submit only (URL Inspection / Phase 7); no internal-linking or code change needed.
https://www.themodernwallet.com/guides/250th-anniversary-coins/,URL is unknown to Google,add internal links,src/pages/guides/index.astro (already lists this slug); no code change,Already linked from /guides/ — re-submit only (URL Inspection / Phase 7); no internal-linking or code change needed.
https://www.themodernwallet.com/guides/40-year-mortgage-explained/,URL is unknown to Google,add internal links,src/pages/guides/index.astro (already lists this slug); no code change,Already linked from /guides/ — re-submit only (URL Inspection / Phase 7); no internal-linking or code change needed.
https://www.themodernwallet.com/guides/401k-beneficiary-rules/,URL is unknown to Google,add internal links,src/pages/guides/index.astro (already lists this slug); no code change,Already linked from /guides/ — re-submit only (URL Inspection / Phase 7); no internal-linking or code change needed.
https://www.themodernwallet.com/guides/401k-contribution-limits-2026/,URL is unknown to Google,add internal links,src/pages/guides/index.astro (already lists this slug); no code change,Already linked from /guides/ — re-submit only (URL Inspection / Phase 7); no internal-linking or code change needed.
https://www.themodernwallet.com/guides/529-investment-strategy-by-age/,Submitted and indexed,healthy,,No action — indexed
https://www.themodernwallet.com/guides/529-leftover-money-options/,Submitted and indexed,healthy,,No action — indexed
https://www.themodernwallet.com/guides/529-qualified-expenses/,Submitted and indexed,healthy,,No action — indexed
https://www.themodernwallet.com/guides/advanced-estate-planning-strategies/,URL is unknown to Google,add internal links,src/pages/guides/index.astro (already lists this slug); no code change,Already linked from /guides/ — re-submit only (URL Inspection / Phase 7); no internal-linking or code change needed.
https://www.themodernwallet.com/guides/ai-financial-advice-chatbots-guide/,Submitted and indexed,healthy,,No action — indexed
https://www.themodernwallet.com/guides/am-i-ready-to-retire/,Submitted and indexed,healthy,,No action — indexed
https://www.themodernwallet.com/guides/are-church-donations-tax-deductible/,URL is unknown to Google,add internal links,src/pages/guides/index.astro (already lists this slug); no code change,Already linked from /guides/ — re-submit only (URL Inspection / Phase 7); no internal-linking or code change needed.
https://www.themodernwallet.com/guides/asset-allocation-by-age/,URL is unknown to Google,add internal links,src/pages/guides/index.astro (already lists this slug); no code change,Already linked from /guides/ — re-submit only (URL Inspection / Phase 7); no internal-linking or code change needed.
https://www.themodernwallet.com/guides/auto-lease-buyout-calculator/,URL is unknown to Google,add internal links,src/pages/guides/index.astro (already lists this slug); no code change,Already linked from /guides/ — re-submit only (URL Inspection / Phase 7); no internal-linking or code change needed.
https://www.themodernwallet.com/guides/average-hsa-balance-by-age/,URL is unknown to Google,add internal links,src/pages/guides/index.astro (already lists this slug); no code change,Already linked from /guides/ — re-submit only (URL Inspection / Phase 7); no internal-linking or code change needed.
https://www.themodernwallet.com/guides/avoid-capital-gains-tax-on-land-sale/,URL is unknown to Google,add internal links,src/pages/guides/index.astro (already lists this slug); no code change,Already linked from /guides/ — re-submit only (URL Inspection / Phase 7); no internal-linking or code change needed.
https://www.themodernwallet.com/guides/axos-bank-review/,URL is unknown to Google,add internal links,src/pages/guides/index.astro (already lists this slug); no code change,Already linked from /guides/ — re-submit only (URL Inspection / Phase 7); no internal-linking or code change needed.
https://www.themodernwallet.com/guides/back-taxes-guide/,Submitted and indexed,healthy,,No action — indexed
https://www.themodernwallet.com/guides/balance-transfer-credit-card-approval-odds/,Submitted and indexed,healthy,,No action — indexed
https://www.themodernwallet.com/guides/balloon-payment-business-loan-explained/,URL is unknown to Google,add internal links,src/pages/guides/index.astro (already lists this slug); no code change,Already linked from /guides/ — re-submit only (URL Inspection / Phase 7); no internal-linking or code change needed.
https://www.themodernwallet.com/guides/best-investment-account-for-kids/,Submitted and indexed,healthy,,No action — indexed
https://www.themodernwallet.com/guides/bitcoin-retirement-calculator-considerations/,URL is unknown to Google,add internal links,src/pages/guides/index.astro (already lists this slug); no code change,Already linked from /guides/ — re-submit only (URL Inspection / Phase 7); no internal-linking or code change needed.
https://www.themodernwallet.com/guides/borrowing-against-life-insurance/,URL is unknown to Google,add internal links,src/pages/guides/index.astro (already lists this slug); no code change,Already linked from /guides/ — re-submit only (URL Inspection / Phase 7); no internal-linking or code change needed.
https://www.themodernwallet.com/guides/budget-variance-calculation-explained/,URL is unknown to Google,add internal links,src/pages/guides/index.astro (already lists this slug); no code change,Already linked from /guides/ — re-submit only (URL Inspection / Phase 7); no internal-linking or code change needed.
https://www.themodernwallet.com/guides/build-a-retirement-plan-in-8-steps/,URL is unknown to Google,already-fixed — awaiting recrawl,src/data/guides.ts (build-a-retirement-plan-in-8-steps),"No action — fix already shipped; recorded so it isn't redone; awaiting Google recrawl (NO lastmod bump, NO re-submit — the page didn't change this run)."
https://www.themodernwallet.com/guides/business-credit-card-with-ein-only/,URL is unknown to Google,add internal links,src/pages/guides/index.astro (already lists this slug); no code change,Already linked from /guides/ — re-submit only (URL Inspection / Phase 7); no internal-linking or code change needed.
https://www.themodernwallet.com/guides/business-line-of-credit-requirements/,URL is unknown to Google,add internal links,src/pages/guides/index.astro (already lists this slug); no code change,Already linked from /guides/ — re-submit only (URL Inspection / Phase 7); no internal-linking or code change needed.
https://www.themodernwallet.com/guides/can-an-enrolled-agent-represent-you-in-tax-court/,URL is unknown to Google,add internal links,src/pages/guides/index.astro (already lists this slug); no code change,Already linked from /guides/ — re-submit only (URL Inspection / Phase 7); no internal-linking or code change needed.
https://www.themodernwallet.com/guides/capital-gains-tax-for-seniors/,URL is unknown to Google,add internal links,src/pages/guides/index.astro (already lists this slug); no code change,Already linked from /guides/ — re-submit only (URL Inspection / Phase 7); no internal-linking or code change needed.
https://www.themodernwallet.com/guides/capital-gains-tax-on-inherited-property/,URL is unknown to Google,add internal links,src/pages/guides/index.astro (already lists this slug); no code change,Already linked from /guides/ — re-submit only (URL Inspection / Phase 7); no internal-linking or code change needed.
https://www.themodernwallet.com/guides/catch-up-on-retirement-savings-in-your-60s/,URL is unknown to Google,add internal links,src/pages/guides/index.astro (already lists this slug); no code change,Already linked from /guides/ — re-submit only (URL Inspection / Phase 7); no internal-linking or code change needed.
https://www.themodernwallet.com/guides/chase-travel-portal-guide/,Submitted and indexed,healthy,,No action — indexed
https://www.themodernwallet.com/guides/child-tax-credit-explained/,URL is unknown to Google,add internal links,src/pages/guides/index.astro (already lists this slug); no code change,Already linked from /guides/ — re-submit only (URL Inspection / Phase 7); no internal-linking or code change needed.
https://www.themodernwallet.com/guides/coast-fire-for-couples/,Submitted and indexed,healthy,,No action — indexed
https://www.themodernwallet.com/guides/coast-fire-guide/,Submitted and indexed,healthy,,No action — indexed
https://www.themodernwallet.com/guides/college-savings-by-age/,URL is unknown to Google,add internal links,src/pages/guides/index.astro (already lists this slug); no code change,Already linked from /guides/ — re-submit only (URL Inspection / Phase 7); no internal-linking or code change needed.
https://www.themodernwallet.com/guides/commercial-mortgage-calculator-explained/,URL is unknown to Google,add internal links,src/pages/guides/index.astro (already lists this slug); no code change,Already linked from /guides/ — re-submit only (URL Inspection / Phase 7); no internal-linking or code change needed.
https://www.themodernwallet.com/guides/common-tax-filing-mistakes/,URL is unknown to Google,add internal links,src/pages/guides/index.astro (already lists this slug); no code change,Already linked from /guides/ — re-submit only (URL Inspection / Phase 7); no internal-linking or code change needed.
https://www.themodernwallet.com/guides/concentrated-stock-position-risk/,Submitted and indexed,healthy,,No action — indexed
https://www.themodernwallet.com/guides/credit-card-cash-advance-guide/,Submitted and indexed,healthy,,No action — indexed
https://www.themodernwallet.com/guides/credit-card-gamification/,URL is unknown to Google,add internal links,src/pages/guides/index.astro (already lists this slug); no code change,Already linked from /guides/ — re-submit only (URL Inspection / Phase 7); no internal-linking or code change needed.
https://www.themodernwallet.com/guides/credit-card-issuer-goodwill-call-guide/,URL is unknown to Google,add internal links,src/pages/guides/index.astro (already lists this slug); no code change,Already linked from /guides/ — re-submit only (URL Inspection / Phase 7); no internal-linking or code change needed.
https://www.themodernwallet.com/guides/credit-card-perks-worth-it/,Submitted and indexed,healthy,,No action — indexed
https://www.themodernwallet.com/guides/credit-score-for-0-apr-credit-card/,Submitted and indexed,healthy,,No action — indexed
https://www.themodernwallet.com/guides/current-mortgage-rates-guide/,Submitted and indexed,healthy,,No action — indexed
https://www.themodernwallet.com/guides/custodial-account-taxes-kiddie-tax/,Submitted and indexed,healthy,,No action — indexed
https://www.themodernwallet.com/guides/custodial-roth-ira-for-kids/,Submitted and indexed,healthy,,No action — indexed
https://www.themodernwallet.com/guides/dscr-loan-requirements/,URL is unknown to Google,add internal links,src/pages/guides/index.astro (already lists this slug); no code change,Already linked from /guides/ — re-submit only (URL Inspection / Phase 7); no internal-linking or code change needed.
https://www.themodernwallet.com/guides/elder-care-planning-checklist/,URL is unknown to Google,add internal links,src/pages/guides/index.astro (already lists this slug); no code change,Already linked from /guides/ — re-submit only (URL Inspection / Phase 7); no internal-linking or code change needed.
https://www.themodernwallet.com/guides/financial-advisor-worth-it/,URL is unknown to Google,add internal links,src/pages/guides/index.astro (already lists this slug); no code change,Already linked from /guides/ — re-submit only (URL Inspection / Phase 7); no internal-linking or code change needed.
https://www.themodernwallet.com/guides/financial-planning-calculator/,URL is unknown to Google,add internal links,src/pages/guides/index.astro (already lists this slug); no code change,Already linked from /guides/ — re-submit only (URL Inspection / Phase 7); no internal-linking or code change needed.
https://www.themodernwallet.com/guides/financial-planning-for-30-year-olds/,URL is unknown to Google,add internal links,src/pages/guides/index.astro (already lists this slug); no code change,Already linked from /guides/ — re-submit only (URL Inspection / Phase 7); no internal-linking or code change needed.
https://www.themodernwallet.com/guides/first-time-estate-planning/,Submitted and indexed,healthy,,No action — indexed
https://www.themodernwallet.com/guides/first-time-home-buyer-guide/,Submitted and indexed,healthy,,No action — indexed
https://www.themodernwallet.com/guides/good-apr-for-credit-card/,URL is unknown to Google,add internal links,src/pages/guides/index.astro (already lists this slug); no code change,Already linked from /guides/ — re-submit only (URL Inspection / Phase 7); no internal-linking or code change needed.
https://www.themodernwallet.com/guides/heloc-calculator-explained/,URL is unknown to Google,add internal links,src/pages/guides/index.astro (already lists this slug); no code change,Already linked from /guides/ — re-submit only (URL Inspection / Phase 7); no internal-linking or code change needed.
https://www.themodernwallet.com/guides/high-yield-savings-account-for-kids-and-teens/,URL is unknown to Google,add internal links,src/pages/guides/index.astro (already lists this slug); no code change,Already linked from /guides/ — re-submit only (URL Inspection / Phase 7); no internal-linking or code change needed.
https://www.themodernwallet.com/guides/home-equity-investment-guide/,URL is unknown to Google,add internal links,src/pages/guides/index.astro (already lists this slug); no code change,Already linked from /guides/ — re-submit only (URL Inspection / Phase 7); no internal-linking or code change needed.
https://www.themodernwallet.com/guides/home-office-deduction/,URL is unknown to Google,add internal links,src/pages/guides/index.astro (already lists this slug); no code change,Already linked from /guides/ — re-submit only (URL Inspection / Phase 7); no internal-linking or code change needed.
https://www.themodernwallet.com/guides/how-long-should-a-car-loan-be/,URL is unknown to Google,add internal links,src/pages/guides/index.astro (already lists this slug); no code change,Already linked from /guides/ — re-submit only (URL Inspection / Phase 7); no internal-linking or code change needed.
https://www.themodernwallet.com/guides/how-long-to-pay-off-credit-card/,Submitted and indexed,healthy,,No action — indexed
https://www.themodernwallet.com/guides/how-much-business-loan-can-i-qualify-for/,URL is unknown to Google,add internal links,src/pages/guides/index.astro (already lists this slug); no code change,Already linked from /guides/ — re-submit only (URL Inspection / Phase 7); no internal-linking or code change needed.
https://www.themodernwallet.com/guides/how-much-do-i-need-to-retire-by-age/,URL is unknown to Google,add internal links,src/pages/guides/index.astro (already lists this slug); no code change,Already linked from /guides/ — re-submit only (URL Inspection / Phase 7); no internal-linking or code change needed.
https://www.themodernwallet.com/guides/how-much-does-investing-1000-a-month-grow-to/,URL is unknown to Google,add internal links,src/pages/guides/index.astro (already lists this slug); no code change,Already linked from /guides/ — re-submit only (URL Inspection / Phase 7); no internal-linking or code change needed.
https://www.themodernwallet.com/guides/how-much-emergency-fund/,Submitted and indexed,healthy,,No action — indexed
https://www.themodernwallet.com/guides/how-much-life-insurance-do-i-need/,Submitted and indexed,healthy,,No action — indexed
https://www.themodernwallet.com/guides/how-much-should-i-spend-on-rent/,URL is unknown to Google,add internal links,src/pages/guides/index.astro (already lists this slug); no code change,Already linked from /guides/ — re-submit only (URL Inspection / Phase 7); no internal-linking or code change needed.
https://www.themodernwallet.com/guides/how-much-tax-will-i-pay/,Submitted and indexed,healthy,,No action — indexed
https://www.themodernwallet.com/guides/how-much-to-save-for-retirement-average-earner/,URL is unknown to Google,add internal links,src/pages/guides/index.astro (already lists this slug); no code change,Already linked from /guides/ — re-submit only (URL Inspection / Phase 7); no internal-linking or code change needed.
https://www.themodernwallet.com/guides/how-revenue-affects-business-loan-approval/,Submitted and indexed,healthy,,No action — indexed
https://www.themodernwallet.com/guides/how-to-account-for-invoice-factoring/,Submitted and indexed,healthy,,No action — indexed
https://www.themodernwallet.com/guides/how-to-become-a-401k-millionaire/,URL is unknown to Google,add internal links,src/pages/guides/index.astro (already lists this slug); no code change,Already linked from /guides/ — re-submit only (URL Inspection / Phase 7); no internal-linking or code change needed.
https://www.themodernwallet.com/guides/how-to-budget-for-teens-college-students/,URL is unknown to Google,add internal links,src/pages/guides/index.astro (already lists this slug); no code change,Already linked from /guides/ — re-submit only (URL Inspection / Phase 7); no internal-linking or code change needed.
https://www.themodernwallet.com/guides/how-to-budget-when-prices-keep-rising/,URL is unknown to Google,add internal links,src/pages/guides/index.astro (already lists this slug); no code change,Already linked from /guides/ — re-submit only (URL Inspection / Phase 7); no internal-linking or code change needed.
https://www.themodernwallet.com/guides/how-to-budget-with-irregular-income/,URL is unknown to Google,add internal links,src/pages/guides/index.astro (already lists this slug); no code change,Already linked from /guides/ — re-submit only (URL Inspection / Phase 7); no internal-linking or code change needed.
https://www.themodernwallet.com/guides/how-to-build-a-dividend-portfolio/,URL is unknown to Google,add internal links,src/pages/guides/index.astro (already lists this slug); no code change,Already linked from /guides/ — re-submit only (URL Inspection / Phase 7); no internal-linking or code change needed.
https://www.themodernwallet.com/guides/how-to-buy-a-car/,Submitted and indexed,healthy,,No action — indexed
https://www.themodernwallet.com/guides/how-to-choose-a-balance-transfer-credit-card/,Submitted and indexed,healthy,,No action — indexed
https://www.themodernwallet.com/guides/how-to-choose-a-financial-advisor/,Submitted and indexed,healthy,,No action — indexed
https://www.themodernwallet.com/guides/how-to-choose-an-investment-calculator/,URL is unknown to Google,add internal links,src/pages/guides/index.astro (already lists this slug); no code change,Already linked from /guides/ — re-submit only (URL Inspection / Phase 7); no internal-linking or code change needed.
https://www.themodernwallet.com/guides/how-to-deal-with-debt-collectors/,URL is unknown to Google,add internal links,src/pages/guides/index.astro (already lists this slug); no code change,Already linked from /guides/ — re-submit only (URL Inspection / Phase 7); no internal-linking or code change needed.
https://www.themodernwallet.com/guides/how-to-get-a-business-loan-with-bad-credit/,URL is unknown to Google,add internal links,src/pages/guides/index.astro (already lists this slug); no code change,Already linked from /guides/ — re-submit only (URL Inspection / Phase 7); no internal-linking or code change needed.
https://www.themodernwallet.com/guides/how-to-invest-100k-to-1-million/,URL is unknown to Google,add internal links,src/pages/guides/index.astro (already lists this slug); no code change,Already linked from /guides/ — re-submit only (URL Inspection / Phase 7); no internal-linking or code change needed.
https://www.themodernwallet.com/guides/how-to-invest-200k/,URL is unknown to Google,add internal links,src/pages/guides/index.astro (already lists this slug); no code change,Already linked from /guides/ — re-submit only (URL Inspection / Phase 7); no internal-linking or code change needed.
https://www.themodernwallet.com/guides/how-to-open-a-custodial-brokerage-account-for-kids/,Submitted and indexed,healthy,,No action — indexed
https://www.themodernwallet.com/guides/how-to-open-a-trump-account/,Submitted and indexed,healthy,,No action — indexed
https://www.themodernwallet.com/guides/how-to-pay-for-grad-school/,URL is unknown to Google,add internal links,src/pages/guides/index.astro (already lists this slug); no code change,Already linked from /guides/ — re-submit only (URL Inspection / Phase 7); no internal-linking or code change needed.
https://www.themodernwallet.com/guides/how-to-pay-yourself-llc/,URL is unknown to Google,add internal links,src/pages/guides/index.astro (already lists this slug); no code change,Already linked from /guides/ — re-submit only (URL Inspection / Phase 7); no internal-linking or code change needed.
https://www.themodernwallet.com/guides/how-to-protect-assets-from-nursing-home/,Submitted and indexed,healthy,,No action — indexed
https://www.themodernwallet.com/guides/how-to-read-a-personal-loan-review/,URL is unknown to Google,add internal links,src/pages/guides/index.astro (already lists this slug); no code change,Already linked from /guides/ — re-submit only (URL Inspection / Phase 7); no internal-linking or code change needed.
https://www.themodernwallet.com/guides/how-to-retire-at-40/,URL is unknown to Google,add internal links,src/pages/guides/index.astro (already lists this slug); no code change,Already linked from /guides/ — re-submit only (URL Inspection / Phase 7); no internal-linking or code change needed.
https://www.themodernwallet.com/guides/how-to-retire-at-67/,URL is unknown to Google,add internal links,src/pages/guides/index.astro (already lists this slug); no code change,Already linked from /guides/ — re-submit only (URL Inspection / Phase 7); no internal-linking or code change needed.
https://www.themodernwallet.com/guides/how-to-retire-in-10-years-with-no-savings/,URL is unknown to Google,add internal links,src/pages/guides/index.astro (already lists this slug); no code change,Already linked from /guides/ — re-submit only (URL Inspection / Phase 7); no internal-linking or code change needed.
https://www.themodernwallet.com/guides/how-to-retire-with-1-million/,URL is unknown to Google,add internal links,src/pages/guides/index.astro (already lists this slug); no code change,Already linked from /guides/ — re-submit only (URL Inspection / Phase 7); no internal-linking or code change needed.
https://www.themodernwallet.com/guides/how-to-start-investing/,URL is unknown to Google,add internal links,src/pages/guides/index.astro (already lists this slug); no code change,Already linked from /guides/ — re-submit only (URL Inspection / Phase 7); no internal-linking or code change needed.
https://www.themodernwallet.com/guides/how-to-stop-living-paycheck-to-paycheck/,URL is unknown to Google,add internal links,src/pages/guides/index.astro (already lists this slug); no code change,Already linked from /guides/ — re-submit only (URL Inspection / Phase 7); no internal-linking or code change needed.
https://www.themodernwallet.com/guides/how-to-withdraw-from-401k/,URL is unknown to Google,add internal links,src/pages/guides/index.astro (already lists this slug); no code change,Already linked from /guides/ — re-submit only (URL Inspection / Phase 7); no internal-linking or code change needed.
https://www.themodernwallet.com/guides/ideal-retirement-age-for-your-health/,URL is unknown to Google,add internal links,src/pages/guides/index.astro (already lists this slug); no code change,Already linked from /guides/ — re-submit only (URL Inspection / Phase 7); no internal-linking or code change needed.
https://www.themodernwallet.com/guides/indexed-universal-life-insurance/,URL is unknown to Google,add internal links,src/pages/guides/index.astro (already lists this slug); no code change,Already linked from /guides/ — re-submit only (URL Inspection / Phase 7); no internal-linking or code change needed.
https://www.themodernwallet.com/guides/infinite-banking/,URL is unknown to Google,add internal links,src/pages/guides/index.astro (already lists this slug); no code change,Already linked from /guides/ — re-submit only (URL Inspection / Phase 7); no internal-linking or code change needed.
https://www.themodernwallet.com/guides/inherited-ira-taxes-explained/,URL is unknown to Google,add internal links,src/pages/guides/index.astro (already lists this slug); no code change,Already linked from /guides/ — re-submit only (URL Inspection / Phase 7); no internal-linking or code change needed.
https://www.themodernwallet.com/guides/international-high-yield-savings-accounts/,URL is unknown to Google,add internal links,src/pages/guides/index.astro (already lists this slug); no code change,Already linked from /guides/ — re-submit only (URL Inspection / Phase 7); no internal-linking or code change needed.
https://www.themodernwallet.com/guides/international-retirement-calculators/,URL is unknown to Google,add internal links,src/pages/guides/index.astro (already lists this slug); no code change,Already linked from /guides/ — re-submit only (URL Inspection / Phase 7); no internal-linking or code change needed.
https://www.themodernwallet.com/guides/investment-appraisal-methods-npv-irr/,URL is unknown to Google,add internal links,src/pages/guides/index.astro (already lists this slug); no code change,Already linked from /guides/ — re-submit only (URL Inspection / Phase 7); no internal-linking or code change needed.
https://www.themodernwallet.com/guides/ira-contribution-limits-2026/,URL is unknown to Google,add internal links,src/pages/guides/index.astro (already lists this slug); no code change,Already linked from /guides/ — re-submit only (URL Inspection / Phase 7); no internal-linking or code change needed.
https://www.themodernwallet.com/guides/is-3-million-enough-to-retire-at-40/,URL is unknown to Google,add internal links,src/pages/guides/index.astro (already lists this slug); no code change,Already linked from /guides/ — re-submit only (URL Inspection / Phase 7); no internal-linking or code change needed.
https://www.themodernwallet.com/guides/is-60-40-portfolio-dead/,URL is unknown to Google,add internal links,src/pages/guides/index.astro (already lists this slug); no code change,Already linked from /guides/ — re-submit only (URL Inspection / Phase 7); no internal-linking or code change needed.
https://www.themodernwallet.com/guides/is-a-living-trust-worth-it/,Submitted and indexed,healthy,,No action — indexed
https://www.themodernwallet.com/guides/is-a-money-market-account-worth-it/,URL is unknown to Google,add internal links,src/pages/guides/index.astro (already lists this slug); no code change,Already linked from /guides/ — re-submit only (URL Inspection / Phase 7); no internal-linking or code change needed.
https://www.themodernwallet.com/guides/is-driving-around-for-cheaper-gas-worth-it/,URL is unknown to Google,add internal links,src/pages/guides/index.astro (already lists this slug); no code change,Already linked from /guides/ — re-submit only (URL Inspection / Phase 7); no internal-linking or code change needed.
https://www.themodernwallet.com/guides/is-extended-car-warranty-worth-it/,Submitted and indexed,healthy,,No action — indexed
https://www.themodernwallet.com/guides/is-inheritance-marital-property/,URL is unknown to Google,add internal links,src/pages/guides/index.astro (already lists this slug); no code change,Already linked from /guides/ — re-submit only (URL Inspection / Phase 7); no internal-linking or code change needed.
https://www.themodernwallet.com/guides/is-military-disability-retirement-pay-taxable/,URL is unknown to Google,add internal links,src/pages/guides/index.astro (already lists this slug); no code change,Already linked from /guides/ — re-submit only (URL Inspection / Phase 7); no internal-linking or code change needed.
https://www.themodernwallet.com/guides/is-possible-finance-a-good-personal-loan-option/,URL is unknown to Google,add internal links,src/pages/guides/index.astro (already lists this slug); no code change,Already linked from /guides/ — re-submit only (URL Inspection / Phase 7); no internal-linking or code change needed.
https://www.themodernwallet.com/guides/is-prosper-a-good-personal-loan-lender/,URL is unknown to Google,add internal links,src/pages/guides/index.astro (already lists this slug); no code change,Already linked from /guides/ — re-submit only (URL Inspection / Phase 7); no internal-linking or code change needed.
https://www.themodernwallet.com/guides/is-savings-and-cd-interest-taxable/,URL is unknown to Google,add internal links,src/pages/guides/index.astro (already lists this slug); no code change,Already linked from /guides/ — re-submit only (URL Inspection / Phase 7); no internal-linking or code change needed.
https://www.themodernwallet.com/guides/is-social-security-taxable/,URL is unknown to Google,add internal links,src/pages/guides/index.astro (already lists this slug); no code change,Already linked from /guides/ — re-submit only (URL Inspection / Phase 7); no internal-linking or code change needed.
https://www.themodernwallet.com/guides/is-splash-financial-a-good-personal-loan-lender/,URL is unknown to Google,add internal links,src/pages/guides/index.astro (already lists this slug); no code change,Already linked from /guides/ — re-submit only (URL Inspection / Phase 7); no internal-linking or code change needed.
https://www.themodernwallet.com/guides/iul-agent-commission-explained/,URL is unknown to Google,add internal links,src/pages/guides/index.astro (already lists this slug); no code change,Already linked from /guides/ — re-submit only (URL Inspection / Phase 7); no internal-linking or code change needed.
https://www.themodernwallet.com/guides/iul-for-kids-child-life-insurance/,URL is unknown to Google,add internal links,src/pages/guides/index.astro (already lists this slug); no code change,Already linked from /guides/ — re-submit only (URL Inspection / Phase 7); no internal-linking or code change needed.
https://www.themodernwallet.com/guides/iul-illustrations-by-carrier/,URL is unknown to Google,add internal links,src/pages/guides/index.astro (already lists this slug); no code change,Already linked from /guides/ — re-submit only (URL Inspection / Phase 7); no internal-linking or code change needed.
https://www.themodernwallet.com/guides/lending-money-to-family-boundaries/,URL is unknown to Google,add internal links,src/pages/guides/index.astro (already lists this slug); no code change,Already linked from /guides/ — re-submit only (URL Inspection / Phase 7); no internal-linking or code change needed.
https://www.themodernwallet.com/guides/lessons-from-2008-housing-crash/,Submitted and indexed,healthy,,No action — indexed
https://www.themodernwallet.com/guides/mega-backdoor-roth-401k/,URL is unknown to Google,add internal links,src/pages/guides/index.astro (already lists this slug); no code change,Already linked from /guides/ — re-submit only (URL Inspection / Phase 7); no internal-linking or code change needed.
https://www.themodernwallet.com/guides/money-market-account-debit-card/,Submitted and indexed,healthy,,No action — indexed
https://www.themodernwallet.com/guides/money-market-account/,Submitted and indexed,healthy,,No action — indexed
https://www.themodernwallet.com/guides/mortgage-amortization-schedule-excel-template/,URL is unknown to Google,add internal links,src/pages/guides/index.astro (already lists this slug); no code change,Already linked from /guides/ — re-submit only (URL Inspection / Phase 7); no internal-linking or code change needed.
https://www.themodernwallet.com/guides/mortgage-early-payoff-tax-implications/,URL is unknown to Google,add internal links,src/pages/guides/index.astro (already lists this slug); no code change,Already linked from /guides/ — re-submit only (URL Inspection / Phase 7); no internal-linking or code change needed.
https://www.themodernwallet.com/guides/mortgage-refinance-closing-costs/,URL is unknown to Google,add internal links,src/pages/guides/index.astro (already lists this slug); no code change,Already linked from /guides/ — re-submit only (URL Inspection / Phase 7); no internal-linking or code change needed.
https://www.themodernwallet.com/guides/mortgage-refinance-lessons-learned/,URL is unknown to Google,add internal links,src/pages/guides/index.astro (already lists this slug); no code change,Already linked from /guides/ — re-submit only (URL Inspection / Phase 7); no internal-linking or code change needed.
https://www.themodernwallet.com/guides/net-worth-calculator-spreadsheet-template/,URL is unknown to Google,add internal links,src/pages/guides/index.astro (already lists this slug); no code change,Already linked from /guides/ — re-submit only (URL Inspection / Phase 7); no internal-linking or code change needed.
https://www.themodernwallet.com/guides/net-worth-for-fafsa-and-accredited-investor/,URL is unknown to Google,add internal links,src/pages/guides/index.astro (already lists this slug); no code change,Already linked from /guides/ — re-submit only (URL Inspection / Phase 7); no internal-linking or code change needed.
https://www.themodernwallet.com/guides/passive-income-ideas/,Submitted and indexed,healthy,,No action — indexed
https://www.themodernwallet.com/guides/pay-off-debt-or-invest/,Submitted and indexed,healthy,,No action — indexed
https://www.themodernwallet.com/guides/personal-loans-for-excellent-credit/,Submitted and indexed,healthy,,No action — indexed
https://www.themodernwallet.com/guides/portfolio-loan-mortgage-explained/,URL is unknown to Google,add internal links,src/pages/guides/index.astro (already lists this slug); no code change,Already linked from /guides/ — re-submit only (URL Inspection / Phase 7); no internal-linking or code change needed.
https://www.themodernwallet.com/guides/portfolio-margin-and-leverage-explained/,URL is unknown to Google,add internal links,src/pages/guides/index.astro (already lists this slug); no code change,Already linked from /guides/ — re-submit only (URL Inspection / Phase 7); no internal-linking or code change needed.
https://www.themodernwallet.com/guides/portfolio-metrics-formulas-explained/,URL is unknown to Google,add internal links,src/pages/guides/index.astro (already lists this slug); no code change,Already linked from /guides/ — re-submit only (URL Inspection / Phase 7); no internal-linking or code change needed.
https://www.themodernwallet.com/guides/portfolio-rebalancing/,URL is unknown to Google,add internal links,src/pages/guides/index.astro (already lists this slug); no code change,Already linked from /guides/ — re-submit only (URL Inspection / Phase 7); no internal-linking or code change needed.
https://www.themodernwallet.com/guides/private-placement-life-insurance/,URL is unknown to Google,add internal links,src/pages/guides/index.astro (already lists this slug); no code change,Already linked from /guides/ — re-submit only (URL Inspection / Phase 7); no internal-linking or code change needed.
https://www.themodernwallet.com/guides/probate-process-guide/,Submitted and indexed,healthy,,No action — indexed
https://www.themodernwallet.com/guides/qbi-deduction-explained/,URL is unknown to Google,add internal links,src/pages/guides/index.astro (already lists this slug); no code change,Already linked from /guides/ — re-submit only (URL Inspection / Phase 7); no internal-linking or code change needed.
https://www.themodernwallet.com/guides/qlac-qualified-longevity-annuity-contract/,URL is unknown to Google,add internal links,src/pages/guides/index.astro (already lists this slug); no code change,Already linked from /guides/ — re-submit only (URL Inspection / Phase 7); no internal-linking or code change needed.
https://www.themodernwallet.com/guides/real-estate-investment-options/,Submitted and indexed,healthy,,No action — indexed
https://www.themodernwallet.com/guides/real-estate-transfer-tax-explained/,URL is unknown to Google,add internal links,src/pages/guides/index.astro (already lists this slug); no code change,Already linked from /guides/ — re-submit only (URL Inspection / Phase 7); no internal-linking or code change needed.
https://www.themodernwallet.com/guides/retirement-calculator-spreadsheet-template/,Submitted and indexed,healthy,,No action — indexed
https://www.themodernwallet.com/guides/retirement-planning-mistakes-to-avoid/,URL is unknown to Google,already-fixed — awaiting recrawl,src/data/guides.ts (retirement-planning-mistakes-to-avoid),"No action — fix already shipped; recorded so it isn't redone; awaiting Google recrawl (NO lastmod bump, NO re-submit — the page didn't change this run)."
https://www.themodernwallet.com/guides/roth-conversion-ladder/,URL is unknown to Google,add internal links,src/pages/guides/index.astro (already lists this slug); no code change,Already linked from /guides/ — re-submit only (URL Inspection / Phase 7); no internal-linking or code change needed.
https://www.themodernwallet.com/guides/roth-conversion-rules/,URL is unknown to Google,add internal links,src/pages/guides/index.astro (already lists this slug); no code change,Already linked from /guides/ — re-submit only (URL Inspection / Phase 7); no internal-linking or code change needed.
https://www.themodernwallet.com/guides/sales-tax-holidays-guide/,Submitted and indexed,healthy,,No action — indexed
https://www.themodernwallet.com/guides/self-employed-tax-deductions/,URL is unknown to Google,add internal links,src/pages/guides/index.astro (already lists this slug); no code change,Already linked from /guides/ — re-submit only (URL Inspection / Phase 7); no internal-linking or code change needed.
https://www.themodernwallet.com/guides/should-you-get-the-discount-tire-credit-card/,URL is unknown to Google,add internal links,src/pages/guides/index.astro (already lists this slug); no code change,Already linked from /guides/ — re-submit only (URL Inspection / Phase 7); no internal-linking or code change needed.
https://www.themodernwallet.com/guides/should-you-get-the-nibbles-credit-card/,URL is unknown to Google,add internal links,src/pages/guides/index.astro (already lists this slug); no code change,Already linked from /guides/ — re-submit only (URL Inspection / Phase 7); no internal-linking or code change needed.
https://www.themodernwallet.com/guides/should-you-refinance-student-loans/,URL is unknown to Google,add internal links,src/pages/guides/index.astro (already lists this slug); no code change,Already linked from /guides/ — re-submit only (URL Inspection / Phase 7); no internal-linking or code change needed.
https://www.themodernwallet.com/guides/side-hustle-ideas/,Submitted and indexed,healthy,,No action — indexed
https://www.themodernwallet.com/guides/small-business-financing-guide/,Submitted and indexed,healthy,,No action — indexed
https://www.themodernwallet.com/guides/social-security-survivor-benefits-and-working/,URL is unknown to Google,add internal links,src/pages/guides/index.astro (already lists this slug); no code change,Already linked from /guides/ — re-submit only (URL Inspection / Phase 7); no internal-linking or code change needed.
https://www.themodernwallet.com/guides/ssi-and-inheritance/,URL is unknown to Google,add internal links,src/pages/guides/index.astro (already lists this slug); no code change,Already linked from /guides/ — re-submit only (URL Inspection / Phase 7); no internal-linking or code change needed.
https://www.themodernwallet.com/guides/student-loan-standard-repayment-plan/,Submitted and indexed,healthy,,No action — indexed
https://www.themodernwallet.com/guides/tax-deductions-checklist/,URL is unknown to Google,add internal links,src/pages/guides/index.astro (already lists this slug); no code change,Already linked from /guides/ — re-submit only (URL Inspection / Phase 7); no internal-linking or code change needed.
https://www.themodernwallet.com/guides/tax-free-retirement-account/,URL is unknown to Google,add internal links,src/pages/guides/index.astro (already lists this slug); no code change,Already linked from /guides/ — re-submit only (URL Inspection / Phase 7); no internal-linking or code change needed.
https://www.themodernwallet.com/guides/tax-tips/,Submitted and indexed,healthy,,No action — indexed
https://www.themodernwallet.com/guides/trump-account-alternatives/,Submitted and indexed,healthy,,No action — indexed
https://www.themodernwallet.com/guides/trump-account-eligibility/,Submitted and indexed,healthy,,No action — indexed
https://www.themodernwallet.com/guides/trump-account-for-newborns/,Submitted and indexed,healthy,,No action — indexed
https://www.themodernwallet.com/guides/trump-account-rules/,Submitted and indexed,healthy,,No action — indexed
https://www.themodernwallet.com/guides/trump-account-scams/,URL is unknown to Google,add internal links,src/pages/guides/index.astro (already lists this slug); no code change,Already linked from /guides/ — re-submit only (URL Inspection / Phase 7); no internal-linking or code change needed.
https://www.themodernwallet.com/guides/trump-account-taxes/,Submitted and indexed,healthy,,No action — indexed
https://www.themodernwallet.com/guides/trump-account-worth-it/,Submitted and indexed,healthy,,No action — indexed
https://www.themodernwallet.com/guides/trump-accounts/,Submitted and indexed,healthy,,No action — indexed
https://www.themodernwallet.com/guides/trump-gold-coin/,Submitted and indexed,healthy,,No action — indexed
https://www.themodernwallet.com/guides/trump-savings-account/,Submitted and indexed,healthy,,No action — indexed
https://www.themodernwallet.com/guides/trust-tax-rates-explained/,URL is unknown to Google,add internal links,src/pages/guides/index.astro (already lists this slug); no code change,Already linked from /guides/ — re-submit only (URL Inspection / Phase 7); no internal-linking or code change needed.
https://www.themodernwallet.com/guides/utma-custodial-account-explained/,Submitted and indexed,healthy,,No action — indexed
https://www.themodernwallet.com/guides/w-4-withholding-allowances/,URL is unknown to Google,add internal links,src/pages/guides/index.astro (already lists this slug); no code change,Already linked from /guides/ — re-submit only (URL Inspection / Phase 7); no internal-linking or code change needed.
https://www.themodernwallet.com/guides/what-are-trump-accounts-invested-in/,Submitted and indexed,healthy,,No action — indexed
https://www.themodernwallet.com/guides/what-happens-if-you-dont-pay-your-student-loans/,URL is unknown to Google,add internal links,src/pages/guides/index.astro (already lists this slug); no code change,Already linked from /guides/ — re-submit only (URL Inspection / Phase 7); no internal-linking or code change needed.
https://www.themodernwallet.com/guides/what-is-a-cfa/,URL is unknown to Google,add internal links,src/pages/guides/index.astro (already lists this slug); no code change,Already linked from /guides/ — re-submit only (URL Inspection / Phase 7); no internal-linking or code change needed.
https://www.themodernwallet.com/guides/what-is-a-ctfa/,URL is unknown to Google,add internal links,src/pages/guides/index.astro (already lists this slug); no code change,Already linked from /guides/ — re-submit only (URL Inspection / Phase 7); no internal-linking or code change needed.
https://www.themodernwallet.com/guides/what-is-a-good-credit-score/,URL is unknown to Google,add internal links,src/pages/guides/index.astro (already lists this slug); no code change,Already linked from /guides/ — re-submit only (URL Inspection / Phase 7); no internal-linking or code change needed.
https://www.themodernwallet.com/guides/what-is-a-good-expense-ratio/,URL is unknown to Google,add internal links,src/pages/guides/index.astro (already lists this slug); no code change,Already linked from /guides/ — re-submit only (URL Inspection / Phase 7); no internal-linking or code change needed.
https://www.themodernwallet.com/guides/what-is-a-high-net-worth-individual/,URL is unknown to Google,add internal links,src/pages/guides/index.astro (already lists this slug); no code change,Already linked from /guides/ — re-submit only (URL Inspection / Phase 7); no internal-linking or code change needed.
https://www.themodernwallet.com/guides/what-is-an-ipo/,Submitted and indexed,healthy,,No action — indexed
https://www.themodernwallet.com/guides/what-target-date-fund-should-i-choose/,URL is unknown to Google,add internal links,src/pages/guides/index.astro (already lists this slug); no code change,Already linked from /guides/ — re-submit only (URL Inspection / Phase 7); no internal-linking or code change needed.
https://www.themodernwallet.com/guides/what-to-do-with-an-inheritance/,Submitted and indexed,healthy,,No action — indexed
https://www.themodernwallet.com/interest-per-day/,URL is unknown to Google,add internal links,src/pages/calculators/index.astro (already lists this calculator); no code change,Already linked from /calculators/ and sitewide footer — re-submit only; no internal-linking or code change needed.
https://www.themodernwallet.com/investing/,Submitted and indexed,healthy,,No action — indexed
https://www.themodernwallet.com/investing/compound-interest-calculator/,Submitted and indexed,healthy,,No action — indexed
https://www.themodernwallet.com/investing/dividend-calculator/,Submitted and indexed,healthy,,No action — indexed
https://www.themodernwallet.com/investing/dollar-cost-averaging-calculator/,Submitted and indexed,healthy,,No action — indexed
https://www.themodernwallet.com/investing/high-yield-savings-calculator/,Submitted and indexed,healthy,,No action — indexed
https://www.themodernwallet.com/investing/how-much-can-i-withdraw-calculator/,URL is unknown to Google,add internal links,src/pages/[category]/index.astro (instantiated for investing; already lists this spoke); no code change,Already linked from /investing/ hub — re-submit only; no internal-linking or code change needed.
https://www.themodernwallet.com/investing/investment-growth-calculator/,Submitted and indexed,healthy,,No action — indexed
https://www.themodernwallet.com/investing/roth-ira-calculator/,Submitted and indexed,healthy,,No action — indexed
https://www.themodernwallet.com/investing/savings-goal-calculator/,Submitted and indexed,healthy,,No action — indexed
https://www.themodernwallet.com/investing/sip-calculator/,URL is unknown to Google,add internal links,src/pages/[category]/index.astro (instantiated for investing; already lists this spoke); no code change,Already linked from /investing/ hub — re-submit only; no internal-linking or code change needed.
https://www.themodernwallet.com/investing/sp500-calculator/,Submitted and indexed,healthy,,No action — indexed
https://www.themodernwallet.com/investing/stock-investment-calculator/,URL is unknown to Google,add internal links,src/pages/[category]/index.astro (instantiated for investing; already lists this spoke); no code change,Already linked from /investing/ hub — re-submit only; no internal-linking or code change needed.
https://www.themodernwallet.com/investing/tsp-calculator/,URL is unknown to Google,add internal links,src/pages/[category]/index.astro (instantiated for investing; already lists this spoke); no code change,Already linked from /investing/ hub — re-submit only; no internal-linking or code change needed.
https://www.themodernwallet.com/investing/withdrawal-calculator/,Submitted and indexed,healthy,,No action — indexed
https://www.themodernwallet.com/invoice-factoring/,Submitted and indexed,healthy,,No action — indexed
https://www.themodernwallet.com/iul-calculator/,URL is unknown to Google,add internal links,src/pages/calculators/index.astro (already lists this calculator); no code change,Already linked from /calculators/ and sitewide footer — re-submit only; no internal-linking or code change needed.
https://www.themodernwallet.com/life-insurance-needs/,URL is unknown to Google,already-fixed — awaiting recrawl,src/data/calculators.ts (life-insurance-needs); links added in src/data/comparisons.ts,"No action — fix already shipped; recorded so it isn't redone; awaiting Google recrawl (NO lastmod bump, NO re-submit — the page didn't change this run)."
https://www.themodernwallet.com/merchant-cash-advance/,Submitted and indexed,healthy,,No action — indexed
https://www.themodernwallet.com/methodology/,Submitted and indexed,healthy,,No action — indexed
https://www.themodernwallet.com/mileage-deduction/,URL is unknown to Google,add internal links,src/pages/calculators/index.astro (already lists this calculator); no code change,Already linked from /calculators/ and sitewide footer — re-submit only; no internal-linking or code change needed.
https://www.themodernwallet.com/mileage-deduction/doordash-mileage-deduction/,URL is unknown to Google,add internal links,src/pages/[category]/index.astro (instantiated for mileage-deduction; already lists this spoke); no code change,Already linked from /mileage-deduction/ hub — re-submit only; no internal-linking or code change needed.
https://www.themodernwallet.com/mileage-deduction/irs-mileage-rate-2026/,URL is unknown to Google,add internal links,src/pages/[category]/index.astro (instantiated for mileage-deduction; already lists this spoke); no code change,Already linked from /mileage-deduction/ hub — re-submit only; no internal-linking or code change needed.
https://www.themodernwallet.com/mileage-deduction/standard-mileage-vs-actual-expenses/,URL is unknown to Google,add internal links,src/pages/[category]/index.astro (instantiated for mileage-deduction; already lists this spoke); no code change,Already linked from /mileage-deduction/ hub — re-submit only; no internal-linking or code change needed.
https://www.themodernwallet.com/mortgage/,Submitted and indexed,healthy,,No action — indexed
https://www.themodernwallet.com/mortgage/affordability-calculator/,Submitted and indexed,healthy,,No action — indexed
https://www.themodernwallet.com/mortgage/amortization-schedule/,Submitted and indexed,healthy,,No action — indexed
https://www.themodernwallet.com/mortgage/closing-cost-calculator/,Submitted and indexed,healthy,,No action — indexed
https://www.themodernwallet.com/mortgage/down-payment-calculator/,URL is unknown to Google,add internal links,src/pages/[category]/index.astro (instantiated for mortgage; already lists this spoke); no code change,Already linked from /mortgage/ hub — re-submit only; no internal-linking or code change needed.
https://www.themodernwallet.com/mortgage/early-payoff-calculator/,Submitted and indexed,healthy,,No action — indexed
https://www.themodernwallet.com/mortgage/extra-payment-calculator/,Submitted and indexed,healthy,,No action — indexed
https://www.themodernwallet.com/mortgage/fha-calculator/,Submitted and indexed,healthy,,No action — indexed
https://www.themodernwallet.com/mortgage/home-affordability-calculator/,Submitted and indexed,healthy,,No action — indexed
https://www.themodernwallet.com/mortgage/interest-only-calculator/,Submitted and indexed,healthy,,No action — indexed
https://www.themodernwallet.com/mortgage/payoff-calculator/,Submitted and indexed,healthy,,No action — indexed
https://www.themodernwallet.com/mortgage/piti-calculator/,URL is unknown to Google,add internal links,src/pages/[category]/index.astro (instantiated for mortgage; already lists this spoke); no code change,Already linked from /mortgage/ hub — re-submit only; no internal-linking or code change needed.
https://www.themodernwallet.com/mortgage/refinance-calculator/,Submitted and indexed,healthy,,No action — indexed
https://www.themodernwallet.com/mortgage/va-loan-calculator/,Submitted and indexed,healthy,,No action — indexed
https://www.themodernwallet.com/net-worth/,Submitted and indexed,healthy,,No action — indexed
https://www.themodernwallet.com/net-worth/couples-net-worth-calculator/,Submitted and indexed,healthy,,No action — indexed
https://www.themodernwallet.com/net-worth/how-to-calculate-net-worth/,Submitted and indexed,healthy,,No action — indexed
https://www.themodernwallet.com/net-worth/liquid-net-worth-calculator/,Submitted and indexed,healthy,,No action — indexed
https://www.themodernwallet.com/net-worth/net-worth-by-age-calculator/,Submitted and indexed,healthy,,No action — indexed
https://www.themodernwallet.com/net-worth/net-worth-calculator-international/,URL is unknown to Google,add internal links,src/pages/[category]/index.astro (instantiated for net-worth; already lists this spoke); no code change,Already linked from /net-worth/ hub — re-submit only; no internal-linking or code change needed.
https://www.themodernwallet.com/net-worth/net-worth-percentile-calculator/,Submitted and indexed,healthy,,No action — indexed
https://www.themodernwallet.com/net-worth/net-worth-projection-calculator/,Submitted and indexed,healthy,,No action — indexed
https://www.themodernwallet.com/operating-cash-flow/,URL is unknown to Google,already-fixed — awaiting recrawl,src/data/calculators.ts (operating-cash-flow); link added in src/data/bf-loc-hub.ts,"No action — fix already shipped; recorded so it isn't redone; awaiting Google recrawl (NO lastmod bump, NO re-submit — the page didn't change this run)."
https://www.themodernwallet.com/personal-loan/,Submitted and indexed,healthy,,No action — indexed
https://www.themodernwallet.com/personal-loan/extra-payment-calculator/,URL is unknown to Google,add internal links,src/pages/[category]/index.astro (instantiated for personal-loan; already lists this spoke); no code change,Already linked from /personal-loan/ hub — re-submit only; no internal-linking or code change needed.
https://www.themodernwallet.com/portfolio/,Submitted and indexed,healthy,,No action — indexed
https://www.themodernwallet.com/portfolio/60-40-portfolio-calculator/,Submitted and indexed,healthy,,No action — indexed
https://www.themodernwallet.com/portfolio/70-30-portfolio-calculator/,URL is unknown to Google,add internal links,src/pages/[category]/index.astro (instantiated for portfolio; already lists this spoke); no code change,Already linked from /portfolio/ hub — re-submit only; no internal-linking or code change needed.
https://www.themodernwallet.com/portfolio/80-20-portfolio-calculator/,Submitted and indexed,healthy,,No action — indexed
https://www.themodernwallet.com/portfolio/90-10-portfolio-calculator/,URL is unknown to Google,add internal links,src/pages/[category]/index.astro (instantiated for portfolio; already lists this spoke); no code change,Already linked from /portfolio/ hub — re-submit only; no internal-linking or code change needed.
https://www.themodernwallet.com/portfolio/asset-allocation-calculator/,URL is unknown to Google,add internal links,src/pages/[category]/index.astro (instantiated for portfolio; already lists this spoke); no code change,Already linked from /portfolio/ hub — re-submit only; no internal-linking or code change needed.
https://www.themodernwallet.com/portfolio/expected-return-calculator/,Submitted and indexed,healthy,,No action — indexed
https://www.themodernwallet.com/portfolio/portfolio-risk-calculator/,Submitted and indexed,healthy,,No action — indexed
https://www.themodernwallet.com/probate/,Submitted and indexed,healthy,,No action — indexed
https://www.themodernwallet.com/pto-cashout/,URL is unknown to Google,add internal links,src/pages/calculators/index.astro (already lists this calculator); no code change,Already linked from /calculators/ and sitewide footer — re-submit only; no internal-linking or code change needed.
https://www.themodernwallet.com/real-estate/,Submitted and indexed,healthy,,No action — indexed
https://www.themodernwallet.com/real-estate/airbnb-calculator/,Submitted and indexed,healthy,,No action — indexed
https://www.themodernwallet.com/real-estate/cap-rate-calculator/,Submitted and indexed,healthy,,No action — indexed
https://www.themodernwallet.com/real-estate/capital-gains-calculator/,Submitted and indexed,healthy,,No action — indexed
https://www.themodernwallet.com/real-estate/cash-flow-calculator/,Submitted and indexed,healthy,,No action — indexed
https://www.themodernwallet.com/real-estate/cash-on-cash-return-calculator/,Submitted and indexed,healthy,,No action — indexed
https://www.themodernwallet.com/real-estate/depreciation-calculator/,Submitted and indexed,healthy,,No action — indexed
https://www.themodernwallet.com/real-estate/rental-income-calculator/,Submitted and indexed,healthy,,No action — indexed
https://www.themodernwallet.com/real-estate/rental-income-tax-calculator/,Submitted and indexed,healthy,,No action — indexed
https://www.themodernwallet.com/real-estate/roi-calculator/,Submitted and indexed,healthy,,No action — indexed
https://www.themodernwallet.com/retirement/,Submitted and indexed,healthy,,No action — indexed
https://www.themodernwallet.com/retirement/401k-calculator/,Submitted and indexed,healthy,,No action — indexed
https://www.themodernwallet.com/retirement/401k-early-withdrawal-calculator/,Submitted and indexed,healthy,,No action — indexed
https://www.themodernwallet.com/retirement/couples-retirement-calculator/,Submitted and indexed,healthy,,No action — indexed
https://www.themodernwallet.com/retirement/early-retirement-calculator/,Submitted and indexed,healthy,,No action — indexed
https://www.themodernwallet.com/retirement/fire-calculator/,Submitted and indexed,healthy,,No action — indexed
https://www.themodernwallet.com/retirement/ira-early-withdrawal-calculator/,URL is unknown to Google,add internal links,src/pages/[category]/index.astro (instantiated for retirement; already lists this spoke); no code change,Already linked from /retirement/ hub — re-submit only; no internal-linking or code change needed.
https://www.themodernwallet.com/retirement/military-retirement-calculator/,Submitted and indexed,healthy,,No action — indexed
https://www.themodernwallet.com/retirement/pension-calculator/,Submitted and indexed,healthy,,No action — indexed
https://www.themodernwallet.com/retirement/retirement-income-calculator/,Submitted and indexed,healthy,,No action — indexed
https://www.themodernwallet.com/retirement/retirement-savings-calculator/,Submitted and indexed,healthy,,No action — indexed
https://www.themodernwallet.com/retirement/rmd-calculator/,Submitted and indexed,healthy,,No action — indexed
https://www.themodernwallet.com/retirement/social-security-retirement-calculator/,Submitted and indexed,healthy,,No action — indexed
https://www.themodernwallet.com/roundup/,Not found (404),fix redirect / error page,"src/pages/roundup/index.astro (verified present, builds, returns 200 live)","No code change identified as necessary — page verified live (200) with correct content today. Request re-indexing via URL Inspection (Phase 7) to clear the stale 404 record. If Google reports another 404 after resubmission, escalate to a deploy/hosting investigation (outside this codebase)."
https://www.themodernwallet.com/roundup/best-401k-providers-for-small-business/,Submitted and indexed,healthy,,No action — indexed
https://www.themodernwallet.com/roundup/best-accounting-software-for-freelancers/,URL is unknown to Google,add internal links,src/pages/roundup/index.astro (already lists this slug); no code change,Already linked from /roundup/ — re-submit only (URL Inspection / Phase 7); no internal-linking or code change needed.
https://www.themodernwallet.com/roundup/best-auto-loan-calculators-by-bank-and-credit-union/,URL is unknown to Google,add internal links,src/pages/roundup/index.astro (already lists this slug); no code change,Already linked from /roundup/ — re-submit only (URL Inspection / Phase 7); no internal-linking or code change needed.
https://www.themodernwallet.com/roundup/best-balance-transfer-credit-cards/,URL is unknown to Google,add internal links,src/pages/roundup/index.astro (already lists this slug); no code change,Already linked from /roundup/ — re-submit only (URL Inspection / Phase 7); no internal-linking or code change needed.
https://www.themodernwallet.com/roundup/best-brokerage-accounts-for-interest-on-cash/,URL is unknown to Google,add internal links,src/pages/roundup/index.astro (already lists this slug); no code change,Already linked from /roundup/ — re-submit only (URL Inspection / Phase 7); no internal-linking or code change needed.
https://www.themodernwallet.com/roundup/best-brokers-for-treasury-bonds/,URL is unknown to Google,add internal links,src/pages/roundup/index.astro (already lists this slug); no code change,Already linked from /roundup/ — re-submit only (URL Inspection / Phase 7); no internal-linking or code change needed.
https://www.themodernwallet.com/roundup/best-budgeting-apps-for-couples/,Submitted and indexed,healthy,,No action — indexed
https://www.themodernwallet.com/roundup/best-budgeting-apps/,URL is unknown to Google,add internal links,src/pages/roundup/index.astro (already lists this slug); no code change,Already linked from /roundup/ — re-submit only (URL Inspection / Phase 7); no internal-linking or code change needed.
https://www.themodernwallet.com/roundup/best-business-credit-cards/,URL is unknown to Google,add internal links,src/pages/roundup/index.astro (already lists this slug); no code change,Already linked from /roundup/ — re-submit only (URL Inspection / Phase 7); no internal-linking or code change needed.
https://www.themodernwallet.com/roundup/best-cash-back-credit-cards/,URL is unknown to Google,add internal links,src/pages/roundup/index.astro (already lists this slug); no code change,Already linked from /roundup/ — re-submit only (URL Inspection / Phase 7); no internal-linking or code change needed.
https://www.themodernwallet.com/roundup/best-citi-credit-cards/,URL is unknown to Google,add internal links,src/pages/roundup/index.astro (already lists this slug); no code change,Already linked from /roundup/ — re-submit only (URL Inspection / Phase 7); no internal-linking or code change needed.
https://www.themodernwallet.com/roundup/best-credit-cards-for-fair-credit/,URL is unknown to Google,add internal links,src/pages/roundup/index.astro (already lists this slug); no code change,Already linked from /roundup/ — re-submit only (URL Inspection / Phase 7); no internal-linking or code change needed.
https://www.themodernwallet.com/roundup/best-custodial-roth-ira-providers/,URL is unknown to Google,add internal links,src/pages/roundup/index.astro (already lists this slug); no code change,Already linked from /roundup/ — re-submit only (URL Inspection / Phase 7); no internal-linking or code change needed.
https://www.themodernwallet.com/roundup/best-dividend-etfs-for-retirement/,URL is unknown to Google,add internal links,src/pages/roundup/index.astro (already lists this slug); no code change,Already linked from /roundup/ — re-submit only (URL Inspection / Phase 7); no internal-linking or code change needed.
https://www.themodernwallet.com/roundup/best-dividend-etfs/,URL is unknown to Google,add internal links,src/pages/roundup/index.astro (already lists this slug); no code change,Already linked from /roundup/ — re-submit only (URL Inspection / Phase 7); no internal-linking or code change needed.
https://www.themodernwallet.com/roundup/best-estate-planning-software/,Submitted and indexed,healthy,,No action — indexed
https://www.themodernwallet.com/roundup/best-high-yield-savings-accounts/,URL is unknown to Google,add internal links,src/pages/roundup/index.astro (already lists this slug); no code change,Already linked from /roundup/ — re-submit only (URL Inspection / Phase 7); no internal-linking or code change needed.
https://www.themodernwallet.com/roundup/best-index-funds/,Submitted and indexed,healthy,,No action — indexed
https://www.themodernwallet.com/roundup/best-investment-apps-for-beginners/,Submitted and indexed,healthy,,No action — indexed
https://www.themodernwallet.com/roundup/best-invoice-factoring-companies/,URL is unknown to Google,add internal links,src/pages/roundup/index.astro (already lists this slug); no code change,Already linked from /roundup/ — re-submit only (URL Inspection / Phase 7); no internal-linking or code change needed.
https://www.themodernwallet.com/roundup/best-invoicing-apps-for-freelancers/,URL is unknown to Google,add internal links,src/pages/roundup/index.astro (already lists this slug); no code change,Already linked from /roundup/ — re-submit only (URL Inspection / Phase 7); no internal-linking or code change needed.
https://www.themodernwallet.com/roundup/best-ira-accounts/,Submitted and indexed,healthy,,No action — indexed
https://www.themodernwallet.com/roundup/best-living-trust-services/,Submitted and indexed,healthy,,No action — indexed
https://www.themodernwallet.com/roundup/best-merchant-cash-advance-companies/,URL is unknown to Google,add internal links,src/pages/roundup/index.astro (already lists this slug); no code change,Already linked from /roundup/ — re-submit only (URL Inspection / Phase 7); no internal-linking or code change needed.
https://www.themodernwallet.com/roundup/best-mileage-tracker-apps/,URL is unknown to Google,add internal links,src/pages/roundup/index.astro (already lists this slug); no code change,Already linked from /roundup/ — re-submit only (URL Inspection / Phase 7); no internal-linking or code change needed.
https://www.themodernwallet.com/roundup/best-money-market-accounts/,Submitted and indexed,healthy,,No action — indexed
https://www.themodernwallet.com/roundup/best-monthly-dividend-etfs/,URL is unknown to Google,add internal links,src/pages/roundup/index.astro (already lists this slug); no code change,Already linked from /roundup/ — re-submit only (URL Inspection / Phase 7); no internal-linking or code change needed.
https://www.themodernwallet.com/roundup/best-mortgage-lenders/,Submitted and indexed,healthy,,No action — indexed
https://www.themodernwallet.com/roundup/best-net-worth-tracker/,Submitted and indexed,healthy,,No action — indexed
https://www.themodernwallet.com/roundup/best-net-worth-tracking-tools/,URL is unknown to Google,add internal links,src/pages/roundup/index.astro (already lists this slug); no code change,Already linked from /roundup/ — re-submit only (URL Inspection / Phase 7); no internal-linking or code change needed.
https://www.themodernwallet.com/roundup/best-online-will-makers/,Submitted and indexed,healthy,,No action — indexed
https://www.themodernwallet.com/roundup/best-portfolio-backtesting-and-analysis-tools/,URL is unknown to Google,add internal links,src/pages/roundup/index.astro (already lists this slug); no code change,Already linked from /roundup/ — re-submit only (URL Inspection / Phase 7); no internal-linking or code change needed.
https://www.themodernwallet.com/roundup/best-retirement-accounts-for-self-employed/,Submitted and indexed,healthy,,No action — indexed
https://www.themodernwallet.com/roundup/best-retirement-calculators/,URL is unknown to Google,add internal links,src/pages/roundup/index.astro (already lists this slug); no code change,Already linked from /roundup/ — re-submit only (URL Inspection / Phase 7); no internal-linking or code change needed.
https://www.themodernwallet.com/roundup/best-robo-advisors/,URL is unknown to Google,add internal links,src/pages/roundup/index.astro (already lists this slug); no code change,Already linked from /roundup/ — re-submit only (URL Inspection / Phase 7); no internal-linking or code change needed.
https://www.themodernwallet.com/roundup/best-secured-credit-cards/,URL is unknown to Google,add internal links,src/pages/roundup/index.astro (already lists this slug); no code change,Already linked from /roundup/ — re-submit only (URL Inspection / Phase 7); no internal-linking or code change needed.
https://www.themodernwallet.com/roundup/best-student-credit-cards/,URL is unknown to Google,add internal links,src/pages/roundup/index.astro (already lists this slug); no code change,Already linked from /roundup/ — re-submit only (URL Inspection / Phase 7); no internal-linking or code change needed.
https://www.themodernwallet.com/roundup/best-student-loan-refinance/,URL is unknown to Google,add internal links,src/pages/roundup/index.astro (already lists this slug); no code change,Already linked from /roundup/ — re-submit only (URL Inspection / Phase 7); no internal-linking or code change needed.
https://www.themodernwallet.com/roundup/best-student-loans-bad-credit/,URL is unknown to Google,add internal links,src/pages/roundup/index.astro (already lists this slug); no code change,Already linked from /roundup/ — re-submit only (URL Inspection / Phase 7); no internal-linking or code change needed.
https://www.themodernwallet.com/roundup/best-target-date-funds/,URL is unknown to Google,add internal links,src/pages/roundup/index.astro (already lists this slug); no code change,Already linked from /roundup/ — re-submit only (URL Inspection / Phase 7); no internal-linking or code change needed.
https://www.themodernwallet.com/roundup/best-tax-relief-companies/,Submitted and indexed,healthy,,No action — indexed
https://www.themodernwallet.com/roundup/best-travel-credit-cards/,URL is unknown to Google,add internal links,src/pages/roundup/index.astro (already lists this slug); no code change,Already linked from /roundup/ — re-submit only (URL Inspection / Phase 7); no internal-linking or code change needed.
https://www.themodernwallet.com/roundup/business-line-of-credit-rates-by-lender/,URL is unknown to Google,add internal links,src/pages/roundup/index.astro (already lists this slug); no code change,Already linked from /roundup/ — re-submit only (URL Inspection / Phase 7); no internal-linking or code change needed.
https://www.themodernwallet.com/roundup/personal-loan-rates-by-lender/,URL is unknown to Google,add internal links,src/pages/roundup/index.astro (already lists this slug); no code change,Already linked from /roundup/ — re-submit only (URL Inspection / Phase 7); no internal-linking or code change needed.
https://www.themodernwallet.com/s-corp-tax/,URL is unknown to Google,add internal links,src/pages/calculators/index.astro (already lists this calculator); no code change,Already linked from /calculators/ and sitewide footer — re-submit only; no internal-linking or code change needed.
https://www.themodernwallet.com/s-corp-tax/llc-vs-s-corp-tax-calculator/,URL is unknown to Google,add internal links,src/pages/[category]/index.astro (instantiated for s-corp-tax; already lists this spoke); no code change,Already linked from /s-corp-tax/ hub — re-submit only; no internal-linking or code change needed.
https://www.themodernwallet.com/s-corp-tax/s-corp-reasonable-salary-calculator/,URL is unknown to Google,add internal links,src/pages/[category]/index.astro (instantiated for s-corp-tax; already lists this spoke); no code change,Already linked from /s-corp-tax/ hub — re-submit only; no internal-linking or code change needed.
https://www.themodernwallet.com/self-employment-tax/,URL is unknown to Google,add internal links,src/pages/calculators/index.astro (already lists this calculator); no code change,Already linked from /calculators/ and sitewide footer — re-submit only; no internal-linking or code change needed.
https://www.themodernwallet.com/self-employment-tax/1099-tax-calculator/,URL is unknown to Google,add internal links,src/pages/[category]/index.astro (instantiated for self-employment-tax; already lists this spoke); no code change,Already linked from /self-employment-tax/ hub — re-submit only; no internal-linking or code change needed.
https://www.themodernwallet.com/self-employment-tax/amazon-flex-taxes/,URL is unknown to Google,add internal links,src/pages/[category]/index.astro (instantiated for self-employment-tax; already lists this spoke); no code change,Already linked from /self-employment-tax/ hub — re-submit only; no internal-linking or code change needed.
https://www.themodernwallet.com/self-employment-tax/doordash-taxes/,URL is unknown to Google,add internal links,src/pages/[category]/index.astro (instantiated for self-employment-tax; already lists this spoke); no code change,Already linked from /self-employment-tax/ hub — re-submit only; no internal-linking or code change needed.
https://www.themodernwallet.com/self-employment-tax/etsy-taxes/,URL is unknown to Google,add internal links,src/pages/[category]/index.astro (instantiated for self-employment-tax; already lists this spoke); no code change,Already linked from /self-employment-tax/ hub — re-submit only; no internal-linking or code change needed.
https://www.themodernwallet.com/self-employment-tax/fiverr-taxes/,URL is unknown to Google,add internal links,src/pages/[category]/index.astro (instantiated for self-employment-tax; already lists this spoke); no code change,Already linked from /self-employment-tax/ hub — re-submit only; no internal-linking or code change needed.
https://www.themodernwallet.com/self-employment-tax/how-much-to-set-aside-for-taxes/,URL is unknown to Google,add internal links,src/pages/[category]/index.astro (instantiated for self-employment-tax; already lists this spoke); no code change,Already linked from /self-employment-tax/ hub — re-submit only; no internal-linking or code change needed.
https://www.themodernwallet.com/self-employment-tax/instacart-taxes/,URL is unknown to Google,add internal links,src/pages/[category]/index.astro (instantiated for self-employment-tax; already lists this spoke); no code change,Already linked from /self-employment-tax/ hub — re-submit only; no internal-linking or code change needed.
https://www.themodernwallet.com/self-employment-tax/lyft-driver-taxes/,URL is unknown to Google,add internal links,src/pages/[category]/index.astro (instantiated for self-employment-tax; already lists this spoke); no code change,Already linked from /self-employment-tax/ hub — re-submit only; no internal-linking or code change needed.
https://www.themodernwallet.com/self-employment-tax/quarterly-estimated-tax-calculator/,URL is unknown to Google,add internal links,src/pages/[category]/index.astro (instantiated for self-employment-tax; already lists this spoke); no code change,Already linked from /self-employment-tax/ hub — re-submit only; no internal-linking or code change needed.
https://www.themodernwallet.com/self-employment-tax/rover-taxes/,URL is unknown to Google,add internal links,src/pages/[category]/index.astro (instantiated for self-employment-tax; already lists this spoke); no code change,Already linked from /self-employment-tax/ hub — re-submit only; no internal-linking or code change needed.
https://www.themodernwallet.com/self-employment-tax/shipt-taxes/,URL is unknown to Google,add internal links,src/pages/[category]/index.astro (instantiated for self-employment-tax; already lists this spoke); no code change,Already linked from /self-employment-tax/ hub — re-submit only; no internal-linking or code change needed.
https://www.themodernwallet.com/self-employment-tax/twitch-taxes/,URL is unknown to Google,add internal links,src/pages/[category]/index.astro (instantiated for self-employment-tax; already lists this spoke); no code change,Already linked from /self-employment-tax/ hub — re-submit only; no internal-linking or code change needed.
https://www.themodernwallet.com/self-employment-tax/uber-driver-taxes/,URL is unknown to Google,add internal links,src/pages/[category]/index.astro (instantiated for self-employment-tax; already lists this spoke); no code change,Already linked from /self-employment-tax/ hub — re-submit only; no internal-linking or code change needed.
https://www.themodernwallet.com/self-employment-tax/uber-eats-taxes/,URL is unknown to Google,add internal links,src/pages/[category]/index.astro (instantiated for self-employment-tax; already lists this spoke); no code change,Already linked from /self-employment-tax/ hub — re-submit only; no internal-linking or code change needed.
https://www.themodernwallet.com/self-employment-tax/upwork-taxes/,URL is unknown to Google,add internal links,src/pages/[category]/index.astro (instantiated for self-employment-tax; already lists this spoke); no code change,Already linked from /self-employment-tax/ hub — re-submit only; no internal-linking or code change needed.
https://www.themodernwallet.com/tax-resolution/,Submitted and indexed,healthy,,No action — indexed
https://www.themodernwallet.com/taxable-vs-tax-deferred/,URL is unknown to Google,add internal links,src/pages/calculators/index.astro (already lists this calculator); no code change,Already linked from /calculators/ and sitewide footer — re-submit only; no internal-linking or code change needed.
https://www.themodernwallet.com/templates/,URL is unknown to Google,add internal links,src/components/SiteFooter.astro (already links this hub); no code change,"Already linked sitewide (footer, every page) — re-submit only; no internal-linking or code change needed."
https://www.themodernwallet.com/templates/expense-report-template/,URL is unknown to Google,add internal links,src/pages/templates/index.astro (already lists this slug); no code change,Already linked from /templates/ — re-submit only (URL Inspection / Phase 7); no internal-linking or code change needed.
https://www.themodernwallet.com/templates/freelance-contract-template/,URL is unknown to Google,add internal links,src/pages/templates/index.astro (already lists this slug); no code change,Already linked from /templates/ — re-submit only (URL Inspection / Phase 7); no internal-linking or code change needed.
https://www.themodernwallet.com/templates/freelance-invoice-template/,URL is unknown to Google,add internal links,src/pages/templates/index.astro (already lists this slug); no code change,Already linked from /templates/ — re-submit only (URL Inspection / Phase 7); no internal-linking or code change needed.
https://www.themodernwallet.com/templates/mileage-log-template/,URL is unknown to Google,add internal links,src/pages/templates/index.astro (already lists this slug); no code change,Already linked from /templates/ — re-submit only (URL Inspection / Phase 7); no internal-linking or code change needed.
https://www.themodernwallet.com/templates/retainer-agreement-template/,URL is unknown to Google,add internal links,src/pages/templates/index.astro (already lists this slug); no code change,Already linked from /templates/ — re-submit only (URL Inspection / Phase 7); no internal-linking or code change needed.
https://www.themodernwallet.com/templates/statement-of-work-template/,URL is unknown to Google,add internal links,src/pages/templates/index.astro (already lists this slug); no code change,Already linked from /templates/ — re-submit only (URL Inspection / Phase 7); no internal-linking or code change needed.
https://www.themodernwallet.com/trump-account/,Submitted and indexed,healthy,,No action — indexed
https://www.themodernwallet.com/zakat/,URL is unknown to Google,add internal links,src/pages/calculators/index.astro (already lists this calculator); no code change,Already linked from /calculators/ and sitewide footer — re-submit only; no internal-linking or code change needed.
